2026-07-04 18:43:57,753 [INFO] DocumentExtractor: Memproses: KBLI_2020.pdf (.pdf)
2026-07-04 18:43:58,977 [INFO] DocumentExtractor:   Progress: 10/833 halaman
2026-07-04 18:43:59,898 [INFO] DocumentExtractor:   Progress: 20/833 halaman
2026-07-04 18:44:00,774 [INFO] DocumentExtractor:   Progress: 30/833 halaman
2026-07-04 18:44:01,679 [INFO] DocumentExtractor:   Progress: 40/833 halaman
2026-07-04 18:44:02,716 [INFO] DocumentExtractor:   Progress: 50/833 halaman
2026-07-04 18:44:03,779 [INFO] DocumentExtractor:   Progress: 60/833 halaman
2026-07-04 18:44:05,087 [INFO] DocumentExtractor:   Progress: 70/833 halaman
2026-07-04 18:44:06,216 [INFO] DocumentExtractor:   Progress: 80/833 halaman
2026-07-04 18:44:07,238 [INFO] DocumentExtractor:   Progress: 90/833 halaman
2026-07-04 18:44:08,407 [INFO] DocumentExtractor:   Progress: 100/833 halaman
2026-07-04 18:44:09,574 [INFO] DocumentExtractor:   Progress: 110/833 halaman
2026-07-04 18:44:11,093 [INFO] DocumentExtractor:   Progress: 120/833 halaman
2026-07-04 18:44:12,638 [INFO] DocumentExtractor:   Progress: 130/833 halaman
2026-07-04 18:44:14,012 [INFO] DocumentExtractor:   Progress: 140/833 halaman
2026-07-04 18:44:15,470 [INFO] DocumentExtractor:   Progress: 150/833 halaman
2026-07-04 18:44:16,726 [INFO] DocumentExtractor:   Progress: 160/833 halaman
2026-07-04 18:44:18,176 [INFO] DocumentExtractor:   Progress: 170/833 halaman
2026-07-04 18:44:19,447 [INFO] DocumentExtractor:   Progress: 180/833 halaman
2026-07-04 18:44:20,880 [INFO] DocumentExtractor:   Progress: 190/833 halaman
2026-07-04 18:44:22,130 [INFO] DocumentExtractor:   Progress: 200/833 halaman
2026-07-04 18:44:23,791 [INFO] DocumentExtractor:   Progress: 210/833 halaman
2026-07-04 18:44:25,512 [INFO] DocumentExtractor:   Progress: 220/833 halaman
2026-07-04 18:44:26,775 [INFO] DocumentExtractor:   Progress: 230/833 halaman
2026-07-04 18:44:28,001 [INFO] DocumentExtractor:   Progress: 240/833 halaman
2026-07-04 18:44:29,711 [INFO] DocumentExtractor:   Progress: 250/833 halaman
2026-07-04 18:44:31,613 [INFO] DocumentExtractor:   Progress: 260/833 halaman
2026-07-04 18:44:33,131 [INFO] DocumentExtractor:   Progress: 270/833 halaman
2026-07-04 18:44:34,795 [INFO] DocumentExtractor:   Progress: 280/833 halaman
2026-07-04 18:44:36,055 [INFO] DocumentExtractor:   Progress: 290/833 halaman
2026-07-04 18:44:37,195 [INFO] DocumentExtractor:   Progress: 300/833 halaman
2026-07-04 18:44:39,167 [INFO] DocumentExtractor:   Progress: 310/833 halaman
2026-07-04 18:44:40,639 [INFO] DocumentExtractor:   Progress: 320/833 halaman
2026-07-04 18:44:42,609 [INFO] DocumentExtractor:   Progress: 330/833 halaman
2026-07-04 18:44:44,164 [INFO] DocumentExtractor:   Progress: 340/833 halaman
2026-07-04 18:44:46,380 [INFO] DocumentExtractor:   Progress: 350/833 halaman
2026-07-04 18:44:48,019 [INFO] DocumentExtractor:   Progress: 360/833 halaman
2026-07-04 18:44:50,269 [INFO] DocumentExtractor:   Progress: 370/833 halaman
2026-07-04 18:44:52,574 [INFO] DocumentExtractor:   Progress: 380/833 halaman
2026-07-04 18:44:54,255 [INFO] DocumentExtractor:   Progress: 390/833 halaman
2026-07-04 18:44:56,570 [INFO] DocumentExtractor:   Progress: 400/833 halaman
2026-07-04 18:44:58,242 [INFO] DocumentExtractor:   Progress: 410/833 halaman
2026-07-04 18:45:00,630 [INFO] DocumentExtractor:   Progress: 420/833 halaman
2026-07-04 18:45:03,080 [INFO] DocumentExtractor:   Progress: 430/833 halaman
2026-07-04 18:45:05,051 [INFO] DocumentExtractor:   Progress: 440/833 halaman
2026-07-04 18:45:07,521 [INFO] DocumentExtractor:   Progress: 450/833 halaman
2026-07-04 18:45:09,290 [INFO] DocumentExtractor:   Progress: 460/833 halaman
2026-07-04 18:45:10,591 [INFO] DocumentExtractor:   Progress: 470/833 halaman
2026-07-04 18:45:10,594 [WARNING] pdfminer.pdfinterp: Cannot set non-stroke color: /'P0' is an invalid float value
2026-07-04 18:45:12,281 [INFO] DocumentExtractor:   Progress: 480/833 halaman
2026-07-04 18:45:14,418 [INFO] DocumentExtractor:   Progress: 490/833 halaman
2026-07-04 18:45:16,197 [INFO] DocumentExtractor:   Progress: 500/833 halaman
2026-07-04 18:45:17,308 [WARNING] pdfminer.pdfinterp: Cannot set non-stroke color: /'P0' is an invalid float value
2026-07-04 18:45:17,737 [INFO] DocumentExtractor:   Progress: 510/833 halaman
2026-07-04 18:45:20,267 [INFO] DocumentExtractor:   Progress: 520/833 halaman
2026-07-04 18:45:22,049 [INFO] DocumentExtractor:   Progress: 530/833 halaman
2026-07-04 18:45:24,672 [INFO] DocumentExtractor:   Progress: 540/833 halaman
2026-07-04 18:45:26,500 [INFO] DocumentExtractor:   Progress: 550/833 halaman
2026-07-04 18:45:29,286 [INFO] DocumentExtractor:   Progress: 560/833 halaman
2026-07-04 18:45:30,795 [INFO] DocumentExtractor:   Progress: 570/833 halaman
2026-07-04 18:45:32,601 [INFO] DocumentExtractor:   Progress: 580/833 halaman
2026-07-04 18:45:35,715 [INFO] DocumentExtractor:   Progress: 590/833 halaman
2026-07-04 18:45:37,653 [INFO] DocumentExtractor:   Progress: 600/833 halaman
2026-07-04 18:45:39,935 [INFO] DocumentExtractor:   Progress: 610/833 halaman
2026-07-04 18:45:42,495 [INFO] DocumentExtractor:   Progress: 620/833 halaman
2026-07-04 18:45:46,088 [INFO] DocumentExtractor:   Progress: 630/833 halaman
2026-07-04 18:45:48,194 [INFO] DocumentExtractor:   Progress: 640/833 halaman
2026-07-04 18:45:52,052 [INFO] DocumentExtractor:   Progress: 650/833 halaman
2026-07-04 18:45:54,582 [INFO] DocumentExtractor:   Progress: 660/833 halaman
2026-07-04 18:45:56,671 [INFO] DocumentExtractor:   Progress: 670/833 halaman
2026-07-04 18:45:58,886 [INFO] DocumentExtractor:   Progress: 680/833 halaman
2026-07-04 18:46:02,963 [INFO] DocumentExtractor:   Progress: 690/833 halaman
2026-07-04 18:46:05,848 [INFO] DocumentExtractor:   Progress: 700/833 halaman
2026-07-04 18:46:09,775 [INFO] DocumentExtractor:   Progress: 710/833 halaman
2026-07-04 18:46:12,620 [INFO] DocumentExtractor:   Progress: 720/833 halaman
2026-07-04 18:46:16,694 [INFO] DocumentExtractor:   Progress: 730/833 halaman
2026-07-04 18:46:19,369 [INFO] DocumentExtractor:   Progress: 740/833 halaman
2026-07-04 18:46:22,037 [INFO] DocumentExtractor:   Progress: 750/833 halaman
2026-07-04 18:46:25,397 [INFO] DocumentExtractor:   Progress: 760/833 halaman
2026-07-04 18:46:27,426 [INFO] DocumentExtractor:   Progress: 770/833 halaman
2026-07-04 18:46:30,822 [INFO] DocumentExtractor:   Progress: 780/833 halaman
2026-07-04 18:46:32,780 [INFO] DocumentExtractor:   Progress: 790/833 halaman
2026-07-04 18:46:35,061 [INFO] DocumentExtractor:   Progress: 800/833 halaman
2026-07-04 18:46:37,141 [INFO] DocumentExtractor:   Progress: 810/833 halaman
2026-07-04 18:46:40,781 [INFO] DocumentExtractor:   Progress: 820/833 halaman
2026-07-04 18:46:41,127 [INFO] DocumentExtractor:   Progress: 830/833 halaman
2026-07-04 18:46:41,594 [INFO] DocumentExtractor: Tersimpan: 02_extracted_text\KBLI_2020_extracted.json
2026-07-04 18:46:41,595 [INFO] DocumentExtractor: Memproses: kuhd.PDF (.pdf)
2026-07-04 18:46:46,498 [INFO] DocumentExtractor:   Progress: 10/165 halaman
2026-07-04 18:46:48,452 [INFO] DocumentExtractor:   Progress: 20/165 halaman
2026-07-04 18:46:49,585 [INFO] DocumentExtractor:   Progress: 30/165 halaman
2026-07-04 18:46:50,455 [INFO] DocumentExtractor:   Progress: 40/165 halaman
2026-07-04 18:46:51,538 [INFO] DocumentExtractor:   Progress: 50/165 halaman
2026-07-04 18:46:52,639 [INFO] DocumentExtractor:   Progress: 60/165 halaman
2026-07-04 18:46:53,646 [INFO] DocumentExtractor:   Progress: 70/165 halaman
2026-07-04 18:46:54,761 [INFO] DocumentExtractor:   Progress: 80/165 halaman
2026-07-04 18:46:55,971 [INFO] DocumentExtractor:   Progress: 90/165 halaman
2026-07-04 18:46:57,182 [INFO] DocumentExtractor:   Progress: 100/165 halaman
2026-07-04 18:46:58,459 [INFO] DocumentExtractor:   Progress: 110/165 halaman
2026-07-04 18:46:59,715 [INFO] DocumentExtractor:   Progress: 120/165 halaman
2026-07-04 18:47:01,052 [INFO] DocumentExtractor:   Progress: 130/165 halaman
2026-07-04 18:47:02,011 [INFO] DocumentExtractor:   Progress: 140/165 halaman
2026-07-04 18:47:03,418 [INFO] DocumentExtractor:   Progress: 150/165 halaman
2026-07-04 18:47:04,955 [INFO] DocumentExtractor:   Progress: 160/165 halaman
2026-07-04 18:47:05,384 [INFO] DocumentExtractor: Tersimpan: 02_extracted_text\kuhd_extracted.json
2026-07-04 18:47:05,385 [INFO] DocumentExtractor: Memproses: kuhperdata_buku_3_perikatan.pdf (.pdf)
2026-07-04 18:47:07,830 [INFO] DocumentExtractor:   Progress: 10/111 halaman
2026-07-04 18:47:09,605 [INFO] DocumentExtractor:   Progress: 20/111 halaman
2026-07-04 18:47:10,880 [INFO] DocumentExtractor:   Progress: 30/111 halaman
2026-07-04 18:47:11,965 [INFO] DocumentExtractor:   Progress: 40/111 halaman
2026-07-04 18:47:12,964 [INFO] DocumentExtractor:   Progress: 50/111 halaman
2026-07-04 18:47:14,497 [INFO] DocumentExtractor:   Progress: 60/111 halaman
2026-07-04 18:47:16,334 [INFO] DocumentExtractor:   Progress: 70/111 halaman
2026-07-04 18:47:17,448 [INFO] DocumentExtractor:   Progress: 80/111 halaman
2026-07-04 18:47:18,362 [INFO] DocumentExtractor:   Progress: 90/111 halaman
2026-07-04 18:47:19,233 [INFO] DocumentExtractor:   Progress: 100/111 halaman
2026-07-04 18:47:20,182 [INFO] DocumentExtractor:   Progress: 110/111 halaman
2026-07-04 18:47:20,270 [INFO] DocumentExtractor: Tersimpan: 02_extracted_text\kuhperdata_buku_3_perikatan_extracted.json
2026-07-04 18:47:20,271 [INFO] DocumentExtractor: Memproses: Peraturan BPOM Nomor 4 Tahun 2024.pdf (.pdf)
2026-07-04 18:47:21,525 [INFO] DocumentExtractor:   Progress: 10/70 halaman
2026-07-04 18:47:23,094 [INFO] DocumentExtractor:   Progress: 20/70 halaman
2026-07-04 18:47:24,355 [INFO] DocumentExtractor:   Progress: 30/70 halaman
2026-07-04 18:47:25,768 [INFO] DocumentExtractor:   Progress: 40/70 halaman
2026-07-04 18:47:27,110 [INFO] DocumentExtractor:   Progress: 50/70 halaman
2026-07-04 18:47:28,333 [INFO] DocumentExtractor:   Progress: 60/70 halaman
2026-07-04 18:47:29,224 [INFO] DocumentExtractor:   Progress: 70/70 halaman
2026-07-04 18:47:29,231 [INFO] DocumentExtractor: Tersimpan: 02_extracted_text\Peraturan BPOM Nomor 4 Tahun 2024_extracted.json
2026-07-04 18:47:29,232 [INFO] DocumentExtractor: Memproses: permen LHK No. 4 tahun 2021.pdf (.pdf)
2026-07-04 18:47:30,327 [INFO] DocumentExtractor:   Progress: 10/319 halaman
2026-07-04 18:47:31,581 [INFO] DocumentExtractor:   Progress: 20/319 halaman
2026-07-04 18:47:32,564 [INFO] DocumentExtractor:   Progress: 30/319 halaman
2026-07-04 18:47:33,654 [INFO] DocumentExtractor:   Progress: 40/319 halaman
2026-07-04 18:47:34,579 [INFO] DocumentExtractor:   Progress: 50/319 halaman
2026-07-04 18:47:35,797 [INFO] DocumentExtractor:   Progress: 60/319 halaman
2026-07-04 18:47:37,011 [INFO] DocumentExtractor:   Progress: 70/319 halaman
2026-07-04 18:47:38,160 [INFO] DocumentExtractor:   Progress: 80/319 halaman
2026-07-04 18:47:39,829 [INFO] DocumentExtractor:   Progress: 90/319 halaman
2026-07-04 18:47:41,406 [INFO] DocumentExtractor:   Progress: 100/319 halaman
2026-07-04 18:47:42,801 [INFO] DocumentExtractor:   Progress: 110/319 halaman
2026-07-04 18:47:44,575 [INFO] DocumentExtractor:   Progress: 120/319 halaman
2026-07-04 18:47:46,172 [INFO] DocumentExtractor:   Progress: 130/319 halaman
2026-07-04 18:47:47,969 [INFO] DocumentExtractor:   Progress: 140/319 halaman
2026-07-04 18:47:49,814 [INFO] DocumentExtractor:   Progress: 150/319 halaman
2026-07-04 18:47:51,829 [INFO] DocumentExtractor:   Progress: 160/319 halaman
2026-07-04 18:47:53,656 [INFO] DocumentExtractor:   Progress: 170/319 halaman
2026-07-04 18:47:55,697 [INFO] DocumentExtractor:   Progress: 180/319 halaman
2026-07-04 18:47:57,716 [INFO] DocumentExtractor:   Progress: 190/319 halaman
2026-07-04 18:47:59,563 [INFO] DocumentExtractor:   Progress: 200/319 halaman
2026-07-04 18:48:01,397 [INFO] DocumentExtractor:   Progress: 210/319 halaman
2026-07-04 18:48:03,012 [INFO] DocumentExtractor:   Progress: 220/319 halaman
2026-07-04 18:48:04,772 [INFO] DocumentExtractor:   Progress: 230/319 halaman
2026-07-04 18:48:07,140 [INFO] DocumentExtractor:   Progress: 240/319 halaman
2026-07-04 18:48:09,638 [INFO] DocumentExtractor:   Progress: 250/319 halaman
2026-07-04 18:48:11,987 [INFO] DocumentExtractor:   Progress: 260/319 halaman
2026-07-04 18:48:14,086 [INFO] DocumentExtractor:   Progress: 270/319 halaman
2026-07-04 18:48:16,276 [INFO] DocumentExtractor:   Progress: 280/319 halaman
2026-07-04 18:48:18,075 [INFO] DocumentExtractor:   Progress: 290/319 halaman
2026-07-04 18:48:19,767 [INFO] DocumentExtractor:   Progress: 300/319 halaman
2026-07-04 18:48:21,170 [INFO] DocumentExtractor:   Progress: 310/319 halaman
2026-07-04 18:48:22,845 [INFO] DocumentExtractor: Tersimpan: 02_extracted_text\permen LHK No. 4 tahun 2021_extracted.json
2026-07-04 18:48:22,846 [INFO] DocumentExtractor: Memproses: Permenkes Nomor 14 Tahun 2021_compressed.pdf (.pdf)
2026-07-04 18:48:25,322 [INFO] DocumentExtractor:   Progress: 10/1832 halaman
2026-07-04 18:48:25,440 [INFO] DocumentExtractor:   Progress: 20/1832 halaman
2026-07-04 18:48:25,543 [INFO] DocumentExtractor:   Progress: 30/1832 halaman
2026-07-04 18:48:25,593 [INFO] DocumentExtractor:   Progress: 40/1832 halaman
2026-07-04 18:48:25,705 [INFO] DocumentExtractor:   Progress: 50/1832 halaman
2026-07-04 18:48:25,820 [INFO] DocumentExtractor:   Progress: 60/1832 halaman
2026-07-04 18:48:25,937 [INFO] DocumentExtractor:   Progress: 70/1832 halaman
2026-07-04 18:48:26,040 [INFO] DocumentExtractor:   Progress: 80/1832 halaman
2026-07-04 18:48:26,089 [INFO] DocumentExtractor:   Progress: 90/1832 halaman
2026-07-04 18:48:26,190 [INFO] DocumentExtractor:   Progress: 100/1832 halaman
2026-07-04 18:48:26,289 [INFO] DocumentExtractor:   Progress: 110/1832 halaman
2026-07-04 18:48:26,383 [INFO] DocumentExtractor:   Progress: 120/1832 halaman
2026-07-04 18:48:26,433 [INFO] DocumentExtractor:   Progress: 130/1832 halaman
2026-07-04 18:48:26,531 [INFO] DocumentExtractor:   Progress: 140/1832 halaman
2026-07-04 18:48:26,620 [INFO] DocumentExtractor:   Progress: 150/1832 halaman
2026-07-04 18:48:26,715 [INFO] DocumentExtractor:   Progress: 160/1832 halaman
2026-07-04 18:48:26,804 [INFO] DocumentExtractor:   Progress: 170/1832 halaman
2026-07-04 18:48:26,853 [INFO] DocumentExtractor:   Progress: 180/1832 halaman
2026-07-04 18:48:26,945 [INFO] DocumentExtractor:   Progress: 190/1832 halaman
2026-07-04 18:48:27,030 [INFO] DocumentExtractor:   Progress: 200/1832 halaman
2026-07-04 18:48:27,124 [INFO] DocumentExtractor:   Progress: 210/1832 halaman
2026-07-04 18:48:27,178 [INFO] DocumentExtractor:   Progress: 220/1832 halaman
2026-07-04 18:48:27,288 [INFO] DocumentExtractor:   Progress: 230/1832 halaman
2026-07-04 18:48:27,390 [INFO] DocumentExtractor:   Progress: 240/1832 halaman
2026-07-04 18:48:27,497 [INFO] DocumentExtractor:   Progress: 250/1832 halaman
2026-07-04 18:48:27,582 [INFO] DocumentExtractor:   Progress: 260/1832 halaman
2026-07-04 18:48:27,640 [INFO] DocumentExtractor:   Progress: 270/1832 halaman
2026-07-04 18:48:27,730 [INFO] DocumentExtractor:   Progress: 280/1832 halaman
2026-07-04 18:48:27,810 [INFO] DocumentExtractor:   Progress: 290/1832 halaman
2026-07-04 18:48:27,891 [INFO] DocumentExtractor:   Progress: 300/1832 halaman
2026-07-04 18:48:27,943 [INFO] DocumentExtractor:   Progress: 310/1832 halaman
2026-07-04 18:48:28,016 [INFO] DocumentExtractor:   Progress: 320/1832 halaman
2026-07-04 18:48:28,100 [INFO] DocumentExtractor:   Progress: 330/1832 halaman
2026-07-04 18:48:28,174 [INFO] DocumentExtractor:   Progress: 340/1832 halaman
2026-07-04 18:48:28,254 [INFO] DocumentExtractor:   Progress: 350/1832 halaman
2026-07-04 18:48:28,305 [INFO] DocumentExtractor:   Progress: 360/1832 halaman
2026-07-04 18:48:28,382 [INFO] DocumentExtractor:   Progress: 370/1832 halaman
2026-07-04 18:48:28,454 [INFO] DocumentExtractor:   Progress: 380/1832 halaman
2026-07-04 18:48:28,538 [INFO] DocumentExtractor:   Progress: 390/1832 halaman
2026-07-04 18:48:28,589 [INFO] DocumentExtractor:   Progress: 400/1832 halaman
2026-07-04 18:48:28,667 [INFO] DocumentExtractor:   Progress: 410/1832 halaman
2026-07-04 18:48:28,744 [INFO] DocumentExtractor:   Progress: 420/1832 halaman
2026-07-04 18:48:28,813 [INFO] DocumentExtractor:   Progress: 430/1832 halaman
2026-07-04 18:48:28,887 [INFO] DocumentExtractor:   Progress: 440/1832 halaman
2026-07-04 18:48:28,939 [INFO] DocumentExtractor:   Progress: 450/1832 halaman
2026-07-04 18:48:28,998 [INFO] DocumentExtractor:   Progress: 460/1832 halaman
2026-07-04 18:48:29,074 [INFO] DocumentExtractor:   Progress: 470/1832 halaman
2026-07-04 18:48:29,141 [INFO] DocumentExtractor:   Progress: 480/1832 halaman
2026-07-04 18:48:29,210 [INFO] DocumentExtractor:   Progress: 490/1832 halaman
2026-07-04 18:48:29,260 [INFO] DocumentExtractor:   Progress: 500/1832 halaman
2026-07-04 18:48:29,322 [INFO] DocumentExtractor:   Progress: 510/1832 halaman
2026-07-04 18:48:29,393 [INFO] DocumentExtractor:   Progress: 520/1832 halaman
2026-07-04 18:48:29,457 [INFO] DocumentExtractor:   Progress: 530/1832 halaman
2026-07-04 18:48:29,510 [INFO] DocumentExtractor:   Progress: 540/1832 halaman
2026-07-04 18:48:29,579 [INFO] DocumentExtractor:   Progress: 550/1832 halaman
2026-07-04 18:48:29,642 [INFO] DocumentExtractor:   Progress: 560/1832 halaman
2026-07-04 18:48:29,707 [INFO] DocumentExtractor:   Progress: 570/1832 halaman
2026-07-04 18:48:29,781 [INFO] DocumentExtractor:   Progress: 580/1832 halaman
2026-07-04 18:48:29,834 [INFO] DocumentExtractor:   Progress: 590/1832 halaman
2026-07-04 18:48:29,895 [INFO] DocumentExtractor:   Progress: 600/1832 halaman
2026-07-04 18:48:29,973 [INFO] DocumentExtractor:   Progress: 610/1832 halaman
2026-07-04 18:48:30,033 [INFO] DocumentExtractor:   Progress: 620/1832 halaman
2026-07-04 18:48:30,088 [INFO] DocumentExtractor:   Progress: 630/1832 halaman
2026-07-04 18:48:30,166 [INFO] DocumentExtractor:   Progress: 640/1832 halaman
2026-07-04 18:48:30,229 [INFO] DocumentExtractor:   Progress: 650/1832 halaman
2026-07-04 18:48:30,296 [INFO] DocumentExtractor:   Progress: 660/1832 halaman
2026-07-04 18:48:30,361 [INFO] DocumentExtractor:   Progress: 670/1832 halaman
2026-07-04 18:48:30,416 [INFO] DocumentExtractor:   Progress: 680/1832 halaman
2026-07-04 18:48:30,490 [INFO] DocumentExtractor:   Progress: 690/1832 halaman
2026-07-04 18:48:30,553 [INFO] DocumentExtractor:   Progress: 700/1832 halaman
2026-07-04 18:48:30,617 [INFO] DocumentExtractor:   Progress: 710/1832 halaman
2026-07-04 18:48:30,665 [INFO] DocumentExtractor:   Progress: 720/1832 halaman
2026-07-04 18:48:30,737 [INFO] DocumentExtractor:   Progress: 730/1832 halaman
2026-07-04 18:48:30,805 [INFO] DocumentExtractor:   Progress: 740/1832 halaman
2026-07-04 18:48:30,866 [INFO] DocumentExtractor:   Progress: 750/1832 halaman
2026-07-04 18:48:30,927 [INFO] DocumentExtractor:   Progress: 760/1832 halaman
2026-07-04 18:48:30,975 [INFO] DocumentExtractor:   Progress: 770/1832 halaman
2026-07-04 18:48:31,036 [INFO] DocumentExtractor:   Progress: 780/1832 halaman
2026-07-04 18:48:31,095 [INFO] DocumentExtractor:   Progress: 790/1832 halaman
2026-07-04 18:48:31,154 [INFO] DocumentExtractor:   Progress: 800/1832 halaman
2026-07-04 18:48:31,218 [INFO] DocumentExtractor:   Progress: 810/1832 halaman
2026-07-04 18:48:31,271 [INFO] DocumentExtractor:   Progress: 820/1832 halaman
2026-07-04 18:48:31,334 [INFO] DocumentExtractor:   Progress: 830/1832 halaman
2026-07-04 18:48:31,388 [INFO] DocumentExtractor:   Progress: 840/1832 halaman
2026-07-04 18:48:31,493 [INFO] DocumentExtractor:   Progress: 850/1832 halaman
2026-07-04 18:48:31,542 [INFO] DocumentExtractor:   Progress: 860/1832 halaman
2026-07-04 18:48:31,599 [INFO] DocumentExtractor:   Progress: 870/1832 halaman
2026-07-04 18:48:31,656 [INFO] DocumentExtractor:   Progress: 880/1832 halaman
2026-07-04 18:48:31,710 [INFO] DocumentExtractor:   Progress: 890/1832 halaman
2026-07-04 18:48:31,762 [INFO] DocumentExtractor:   Progress: 900/1832 halaman
2026-07-04 18:48:31,818 [INFO] DocumentExtractor:   Progress: 910/1832 halaman
2026-07-04 18:48:31,870 [INFO] DocumentExtractor:   Progress: 920/1832 halaman
2026-07-04 18:48:31,926 [INFO] DocumentExtractor:   Progress: 930/1832 halaman
2026-07-04 18:48:31,979 [INFO] DocumentExtractor:   Progress: 940/1832 halaman
2026-07-04 18:48:32,031 [INFO] DocumentExtractor:   Progress: 950/1832 halaman
2026-07-04 18:48:32,082 [INFO] DocumentExtractor:   Progress: 960/1832 halaman
2026-07-04 18:48:32,137 [INFO] DocumentExtractor:   Progress: 970/1832 halaman
2026-07-04 18:48:32,192 [INFO] DocumentExtractor:   Progress: 980/1832 halaman
2026-07-04 18:48:32,243 [INFO] DocumentExtractor:   Progress: 990/1832 halaman
2026-07-04 18:48:32,296 [INFO] DocumentExtractor:   Progress: 1000/1832 halaman
2026-07-04 18:48:32,353 [INFO] DocumentExtractor:   Progress: 1010/1832 halaman
2026-07-04 18:48:32,412 [INFO] DocumentExtractor:   Progress: 1020/1832 halaman
2026-07-04 18:48:32,467 [INFO] DocumentExtractor:   Progress: 1030/1832 halaman
2026-07-04 18:48:32,517 [INFO] DocumentExtractor:   Progress: 1040/1832 halaman
2026-07-04 18:48:32,573 [INFO] DocumentExtractor:   Progress: 1050/1832 halaman
2026-07-04 18:48:32,636 [INFO] DocumentExtractor:   Progress: 1060/1832 halaman
2026-07-04 18:48:32,693 [INFO] DocumentExtractor:   Progress: 1070/1832 halaman
2026-07-04 18:48:32,751 [INFO] DocumentExtractor:   Progress: 1080/1832 halaman
2026-07-04 18:48:32,811 [INFO] DocumentExtractor:   Progress: 1090/1832 halaman
2026-07-04 18:48:32,868 [INFO] DocumentExtractor:   Progress: 1100/1832 halaman
2026-07-04 18:48:32,920 [INFO] DocumentExtractor:   Progress: 1110/1832 halaman
2026-07-04 18:48:32,972 [INFO] DocumentExtractor:   Progress: 1120/1832 halaman
2026-07-04 18:48:33,034 [INFO] DocumentExtractor:   Progress: 1130/1832 halaman
2026-07-04 18:48:33,090 [INFO] DocumentExtractor:   Progress: 1140/1832 halaman
2026-07-04 18:48:33,147 [INFO] DocumentExtractor:   Progress: 1150/1832 halaman
2026-07-04 18:48:33,205 [INFO] DocumentExtractor:   Progress: 1160/1832 halaman
2026-07-04 18:48:33,329 [INFO] DocumentExtractor:   Progress: 1170/1832 halaman
2026-07-04 18:48:33,382 [INFO] DocumentExtractor:   Progress: 1180/1832 halaman
2026-07-04 18:48:33,440 [INFO] DocumentExtractor:   Progress: 1190/1832 halaman
2026-07-04 18:48:33,491 [INFO] DocumentExtractor:   Progress: 1200/1832 halaman
2026-07-04 18:48:33,545 [INFO] DocumentExtractor:   Progress: 1210/1832 halaman
2026-07-04 18:48:33,598 [INFO] DocumentExtractor:   Progress: 1220/1832 halaman
2026-07-04 18:48:33,654 [INFO] DocumentExtractor:   Progress: 1230/1832 halaman
2026-07-04 18:48:33,708 [INFO] DocumentExtractor:   Progress: 1240/1832 halaman
2026-07-04 18:48:33,761 [INFO] DocumentExtractor:   Progress: 1250/1832 halaman
2026-07-04 18:48:33,813 [INFO] DocumentExtractor:   Progress: 1260/1832 halaman
2026-07-04 18:48:33,868 [INFO] DocumentExtractor:   Progress: 1270/1832 halaman
2026-07-04 18:48:33,926 [INFO] DocumentExtractor:   Progress: 1280/1832 halaman
2026-07-04 18:48:33,979 [INFO] DocumentExtractor:   Progress: 1290/1832 halaman
2026-07-04 18:48:34,032 [INFO] DocumentExtractor:   Progress: 1300/1832 halaman
2026-07-04 18:48:34,084 [INFO] DocumentExtractor:   Progress: 1310/1832 halaman
2026-07-04 18:48:34,136 [INFO] DocumentExtractor:   Progress: 1320/1832 halaman
2026-07-04 18:48:34,189 [INFO] DocumentExtractor:   Progress: 1330/1832 halaman
2026-07-04 18:48:34,247 [INFO] DocumentExtractor:   Progress: 1340/1832 halaman
2026-07-04 18:48:34,313 [INFO] DocumentExtractor:   Progress: 1350/1832 halaman
2026-07-04 18:48:34,368 [INFO] DocumentExtractor:   Progress: 1360/1832 halaman
2026-07-04 18:48:34,422 [INFO] DocumentExtractor:   Progress: 1370/1832 halaman
2026-07-04 18:48:34,477 [INFO] DocumentExtractor:   Progress: 1380/1832 halaman
2026-07-04 18:48:34,530 [INFO] DocumentExtractor:   Progress: 1390/1832 halaman
2026-07-04 18:48:34,584 [INFO] DocumentExtractor:   Progress: 1400/1832 halaman
2026-07-04 18:48:34,642 [INFO] DocumentExtractor:   Progress: 1410/1832 halaman
2026-07-04 18:48:34,710 [INFO] DocumentExtractor:   Progress: 1420/1832 halaman
2026-07-04 18:48:34,763 [INFO] DocumentExtractor:   Progress: 1430/1832 halaman
2026-07-04 18:48:34,819 [INFO] DocumentExtractor:   Progress: 1440/1832 halaman
2026-07-04 18:48:34,871 [INFO] DocumentExtractor:   Progress: 1450/1832 halaman
2026-07-04 18:48:34,938 [INFO] DocumentExtractor:   Progress: 1460/1832 halaman
2026-07-04 18:48:34,996 [INFO] DocumentExtractor:   Progress: 1470/1832 halaman
2026-07-04 18:48:35,053 [INFO] DocumentExtractor:   Progress: 1480/1832 halaman
2026-07-04 18:48:35,191 [INFO] DocumentExtractor:   Progress: 1490/1832 halaman
2026-07-04 18:48:35,241 [INFO] DocumentExtractor:   Progress: 1500/1832 halaman
2026-07-04 18:48:35,299 [INFO] DocumentExtractor:   Progress: 1510/1832 halaman
2026-07-04 18:48:35,353 [INFO] DocumentExtractor:   Progress: 1520/1832 halaman
2026-07-04 18:48:35,454 [INFO] DocumentExtractor:   Progress: 1530/1832 halaman
2026-07-04 18:48:35,509 [INFO] DocumentExtractor:   Progress: 1540/1832 halaman
2026-07-04 18:48:35,569 [INFO] DocumentExtractor:   Progress: 1550/1832 halaman
2026-07-04 18:48:35,633 [INFO] DocumentExtractor:   Progress: 1560/1832 halaman
2026-07-04 18:48:35,691 [INFO] DocumentExtractor:   Progress: 1570/1832 halaman
2026-07-04 18:48:35,754 [INFO] DocumentExtractor:   Progress: 1580/1832 halaman
2026-07-04 18:48:35,809 [INFO] DocumentExtractor:   Progress: 1590/1832 halaman
2026-07-04 18:48:35,870 [INFO] DocumentExtractor:   Progress: 1600/1832 halaman
2026-07-04 18:48:35,921 [INFO] DocumentExtractor:   Progress: 1610/1832 halaman
2026-07-04 18:48:35,983 [INFO] DocumentExtractor:   Progress: 1620/1832 halaman
2026-07-04 18:48:36,034 [INFO] DocumentExtractor:   Progress: 1630/1832 halaman
2026-07-04 18:48:36,089 [INFO] DocumentExtractor:   Progress: 1640/1832 halaman
2026-07-04 18:48:36,141 [INFO] DocumentExtractor:   Progress: 1650/1832 halaman
2026-07-04 18:48:36,190 [INFO] DocumentExtractor:   Progress: 1660/1832 halaman
2026-07-04 18:48:36,244 [INFO] DocumentExtractor:   Progress: 1670/1832 halaman
2026-07-04 18:48:36,299 [INFO] DocumentExtractor:   Progress: 1680/1832 halaman
2026-07-04 18:48:36,350 [INFO] DocumentExtractor:   Progress: 1690/1832 halaman
2026-07-04 18:48:36,404 [INFO] DocumentExtractor:   Progress: 1700/1832 halaman
2026-07-04 18:48:36,456 [INFO] DocumentExtractor:   Progress: 1710/1832 halaman
2026-07-04 18:48:36,510 [INFO] DocumentExtractor:   Progress: 1720/1832 halaman
2026-07-04 18:48:36,563 [INFO] DocumentExtractor:   Progress: 1730/1832 halaman
2026-07-04 18:48:36,615 [INFO] DocumentExtractor:   Progress: 1740/1832 halaman
2026-07-04 18:48:36,668 [INFO] DocumentExtractor:   Progress: 1750/1832 halaman
2026-07-04 18:48:36,721 [INFO] DocumentExtractor:   Progress: 1760/1832 halaman
2026-07-04 18:48:36,777 [INFO] DocumentExtractor:   Progress: 1770/1832 halaman
2026-07-04 18:48:36,830 [INFO] DocumentExtractor:   Progress: 1780/1832 halaman
2026-07-04 18:48:36,891 [INFO] DocumentExtractor:   Progress: 1790/1832 halaman
2026-07-04 18:48:36,958 [INFO] DocumentExtractor:   Progress: 1800/1832 halaman
2026-07-04 18:48:37,024 [INFO] DocumentExtractor:   Progress: 1810/1832 halaman
2026-07-04 18:48:37,184 [INFO] DocumentExtractor:   Progress: 1820/1832 halaman
2026-07-04 18:48:37,238 [INFO] DocumentExtractor:   Progress: 1830/1832 halaman
2026-07-04 18:48:37,375 [INFO] DocumentExtractor: Tersimpan: 02_extracted_text\Permenkes Nomor 14 Tahun 2021_compressed_extracted.json
2026-07-04 18:48:37,376 [INFO] DocumentExtractor: Memproses: Permenkes Nomor 2 Tahun 2023.pdf (.pdf)
2026-07-04 18:48:39,196 [INFO] DocumentExtractor:   Progress: 10/175 halaman
2026-07-04 18:48:40,766 [INFO] DocumentExtractor:   Progress: 20/175 halaman
2026-07-04 18:48:42,255 [INFO] DocumentExtractor:   Progress: 30/175 halaman
2026-07-04 18:48:43,678 [INFO] DocumentExtractor:   Progress: 40/175 halaman
2026-07-04 18:48:45,004 [INFO] DocumentExtractor:   Progress: 50/175 halaman
2026-07-04 18:48:46,834 [INFO] DocumentExtractor:   Progress: 60/175 halaman
2026-07-04 18:48:48,311 [INFO] DocumentExtractor:   Progress: 70/175 halaman
2026-07-04 18:48:49,819 [INFO] DocumentExtractor:   Progress: 80/175 halaman
2026-07-04 18:48:51,430 [INFO] DocumentExtractor:   Progress: 90/175 halaman
2026-07-04 18:48:52,953 [INFO] DocumentExtractor:   Progress: 100/175 halaman
2026-07-04 18:48:54,384 [INFO] DocumentExtractor:   Progress: 110/175 halaman
2026-07-04 18:48:56,057 [INFO] DocumentExtractor:   Progress: 120/175 halaman
2026-07-04 18:48:57,910 [INFO] DocumentExtractor:   Progress: 130/175 halaman
2026-07-04 18:48:59,767 [INFO] DocumentExtractor:   Progress: 140/175 halaman
2026-07-04 18:49:01,830 [INFO] DocumentExtractor:   Progress: 150/175 halaman
2026-07-04 18:49:03,494 [INFO] DocumentExtractor:   Progress: 160/175 halaman
2026-07-04 18:49:05,435 [INFO] DocumentExtractor:   Progress: 170/175 halaman
2026-07-04 18:49:05,957 [INFO] DocumentExtractor: Tersimpan: 02_extracted_text\Permenkes Nomor 2 Tahun 2023_extracted.json
2026-07-04 18:49:05,958 [INFO] DocumentExtractor: Memproses: permenkes_1096_2011_higiene_sanitasi.pdf (.pdf)
2026-07-04 18:49:07,197 [INFO] DocumentExtractor:   Progress: 10/74 halaman
2026-07-04 18:49:08,737 [INFO] DocumentExtractor:   Progress: 20/74 halaman
2026-07-04 18:49:10,202 [INFO] DocumentExtractor:   Progress: 30/74 halaman
2026-07-04 18:49:11,381 [INFO] DocumentExtractor:   Progress: 40/74 halaman
2026-07-04 18:49:12,800 [INFO] DocumentExtractor:   Progress: 50/74 halaman
2026-07-04 18:49:13,816 [INFO] DocumentExtractor:   Progress: 60/74 halaman
2026-07-04 18:49:15,201 [INFO] DocumentExtractor:   Progress: 70/74 halaman
2026-07-04 18:49:15,561 [INFO] DocumentExtractor: Tersimpan: 02_extracted_text\permenkes_1096_2011_higiene_sanitasi_extracted.json
2026-07-04 18:49:15,562 [INFO] DocumentExtractor: Memproses: pp_39_2021_jaminan_produk_halal.pdf (.pdf)
2026-07-04 18:49:16,393 [INFO] DocumentExtractor:   Progress: 10/110 halaman
2026-07-04 18:49:17,108 [INFO] DocumentExtractor:   Progress: 20/110 halaman
2026-07-04 18:49:17,723 [INFO] DocumentExtractor:   Progress: 30/110 halaman
2026-07-04 18:49:18,296 [INFO] DocumentExtractor:   Progress: 40/110 halaman
2026-07-04 18:49:18,855 [INFO] DocumentExtractor:   Progress: 50/110 halaman
2026-07-04 18:49:19,468 [INFO] DocumentExtractor:   Progress: 60/110 halaman
2026-07-04 18:49:20,047 [INFO] DocumentExtractor:   Progress: 70/110 halaman
2026-07-04 18:49:20,645 [INFO] DocumentExtractor:   Progress: 80/110 halaman
2026-07-04 18:49:21,228 [INFO] DocumentExtractor:   Progress: 90/110 halaman
2026-07-04 18:49:21,486 [INFO] DocumentExtractor:   Progress: 100/110 halaman
2026-07-04 18:49:21,787 [INFO] DocumentExtractor:   Progress: 110/110 halaman
2026-07-04 18:49:21,800 [INFO] DocumentExtractor: Tersimpan: 02_extracted_text\pp_39_2021_jaminan_produk_halal_extracted.json
2026-07-04 18:49:21,801 [INFO] DocumentExtractor: Memproses: pp_5_2021_perizinan_berbasis_risiko.pdf (.pdf)
2026-07-04 18:49:23,286 [INFO] DocumentExtractor:   Progress: 10/739 halaman
2026-07-04 18:49:24,028 [INFO] DocumentExtractor:   Progress: 20/739 halaman
2026-07-04 18:49:24,654 [INFO] DocumentExtractor:   Progress: 30/739 halaman
2026-07-04 18:49:25,247 [INFO] DocumentExtractor:   Progress: 40/739 halaman
2026-07-04 18:49:25,892 [INFO] DocumentExtractor:   Progress: 50/739 halaman
2026-07-04 18:49:26,493 [INFO] DocumentExtractor:   Progress: 60/739 halaman
2026-07-04 18:49:27,156 [INFO] DocumentExtractor:   Progress: 70/739 halaman
2026-07-04 18:49:27,803 [INFO] DocumentExtractor:   Progress: 80/739 halaman
2026-07-04 18:49:28,416 [INFO] DocumentExtractor:   Progress: 90/739 halaman
2026-07-04 18:49:29,054 [INFO] DocumentExtractor:   Progress: 100/739 halaman
2026-07-04 18:49:29,683 [INFO] DocumentExtractor:   Progress: 110/739 halaman
2026-07-04 18:49:30,339 [INFO] DocumentExtractor:   Progress: 120/739 halaman
2026-07-04 18:49:31,054 [INFO] DocumentExtractor:   Progress: 130/739 halaman
2026-07-04 18:49:31,737 [INFO] DocumentExtractor:   Progress: 140/739 halaman
2026-07-04 18:49:32,419 [INFO] DocumentExtractor:   Progress: 150/739 halaman
2026-07-04 18:49:33,091 [INFO] DocumentExtractor:   Progress: 160/739 halaman
2026-07-04 18:49:33,619 [INFO] DocumentExtractor:   Progress: 170/739 halaman
2026-07-04 18:49:34,316 [INFO] DocumentExtractor:   Progress: 180/739 halaman
2026-07-04 18:49:35,057 [INFO] DocumentExtractor:   Progress: 190/739 halaman
2026-07-04 18:49:35,820 [INFO] DocumentExtractor:   Progress: 200/739 halaman
2026-07-04 18:49:36,585 [INFO] DocumentExtractor:   Progress: 210/739 halaman
2026-07-04 18:49:37,375 [INFO] DocumentExtractor:   Progress: 220/739 halaman
2026-07-04 18:49:38,152 [INFO] DocumentExtractor:   Progress: 230/739 halaman
2026-07-04 18:49:38,978 [INFO] DocumentExtractor:   Progress: 240/739 halaman
2026-07-04 18:49:39,832 [INFO] DocumentExtractor:   Progress: 250/739 halaman
2026-07-04 18:49:40,674 [INFO] DocumentExtractor:   Progress: 260/739 halaman
2026-07-04 18:49:41,537 [INFO] DocumentExtractor:   Progress: 270/739 halaman
2026-07-04 18:49:42,405 [INFO] DocumentExtractor:   Progress: 280/739 halaman
2026-07-04 18:49:43,275 [INFO] DocumentExtractor:   Progress: 290/739 halaman
2026-07-04 18:49:43,940 [INFO] DocumentExtractor:   Progress: 300/739 halaman
2026-07-04 18:49:44,919 [INFO] DocumentExtractor:   Progress: 310/739 halaman
2026-07-04 18:49:45,855 [INFO] DocumentExtractor:   Progress: 320/739 halaman
2026-07-04 18:49:46,774 [INFO] DocumentExtractor:   Progress: 330/739 halaman
2026-07-04 18:49:47,720 [INFO] DocumentExtractor:   Progress: 340/739 halaman
2026-07-04 18:49:48,557 [INFO] DocumentExtractor:   Progress: 350/739 halaman
2026-07-04 18:49:48,610 [INFO] DocumentExtractor:   Progress: 360/739 halaman
2026-07-04 18:49:48,667 [INFO] DocumentExtractor:   Progress: 370/739 halaman
2026-07-04 18:49:48,726 [INFO] DocumentExtractor:   Progress: 380/739 halaman
2026-07-04 18:49:48,782 [INFO] DocumentExtractor:   Progress: 390/739 halaman
2026-07-04 18:49:48,838 [INFO] DocumentExtractor:   Progress: 400/739 halaman
2026-07-04 18:49:48,891 [INFO] DocumentExtractor:   Progress: 410/739 halaman
2026-07-04 18:49:48,945 [INFO] DocumentExtractor:   Progress: 420/739 halaman
2026-07-04 18:49:49,000 [INFO] DocumentExtractor:   Progress: 430/739 halaman
2026-07-04 18:49:49,056 [INFO] DocumentExtractor:   Progress: 440/739 halaman
2026-07-04 18:49:49,110 [INFO] DocumentExtractor:   Progress: 450/739 halaman
2026-07-04 18:49:49,165 [INFO] DocumentExtractor:   Progress: 460/739 halaman
2026-07-04 18:49:49,217 [INFO] DocumentExtractor:   Progress: 470/739 halaman
2026-07-04 18:49:49,273 [INFO] DocumentExtractor:   Progress: 480/739 halaman
2026-07-04 18:49:49,332 [INFO] DocumentExtractor:   Progress: 490/739 halaman
2026-07-04 18:49:49,390 [INFO] DocumentExtractor:   Progress: 500/739 halaman
2026-07-04 18:49:49,444 [INFO] DocumentExtractor:   Progress: 510/739 halaman
2026-07-04 18:49:49,516 [INFO] DocumentExtractor:   Progress: 520/739 halaman
2026-07-04 18:49:49,592 [INFO] DocumentExtractor:   Progress: 530/739 halaman
2026-07-04 18:49:49,666 [INFO] DocumentExtractor:   Progress: 540/739 halaman
2026-07-04 18:49:49,743 [INFO] DocumentExtractor:   Progress: 550/739 halaman
2026-07-04 18:49:49,824 [INFO] DocumentExtractor:   Progress: 560/739 halaman
2026-07-04 18:49:50,174 [INFO] DocumentExtractor:   Progress: 570/739 halaman
2026-07-04 18:49:50,231 [INFO] DocumentExtractor:   Progress: 580/739 halaman
2026-07-04 18:49:50,291 [INFO] DocumentExtractor:   Progress: 590/739 halaman
2026-07-04 18:49:50,350 [INFO] DocumentExtractor:   Progress: 600/739 halaman
2026-07-04 18:49:50,406 [INFO] DocumentExtractor:   Progress: 610/739 halaman
2026-07-04 18:49:50,460 [INFO] DocumentExtractor:   Progress: 620/739 halaman
2026-07-04 18:49:50,516 [INFO] DocumentExtractor:   Progress: 630/739 halaman
2026-07-04 18:49:50,571 [INFO] DocumentExtractor:   Progress: 640/739 halaman
2026-07-04 18:49:50,627 [INFO] DocumentExtractor:   Progress: 650/739 halaman
2026-07-04 18:49:50,682 [INFO] DocumentExtractor:   Progress: 660/739 halaman
2026-07-04 18:49:50,740 [INFO] DocumentExtractor:   Progress: 670/739 halaman
2026-07-04 18:49:50,794 [INFO] DocumentExtractor:   Progress: 680/739 halaman
2026-07-04 18:49:50,849 [INFO] DocumentExtractor:   Progress: 690/739 halaman
2026-07-04 18:49:50,901 [INFO] DocumentExtractor:   Progress: 700/739 halaman
2026-07-04 18:49:50,960 [INFO] DocumentExtractor:   Progress: 710/739 halaman
2026-07-04 18:49:51,014 [INFO] DocumentExtractor:   Progress: 720/739 halaman
2026-07-04 18:49:51,070 [INFO] DocumentExtractor:   Progress: 730/739 halaman
2026-07-04 18:49:51,171 [INFO] DocumentExtractor: Tersimpan: 02_extracted_text\pp_5_2021_perizinan_berbasis_risiko_extracted.json
2026-07-04 18:49:51,172 [INFO] DocumentExtractor: Memproses: Salinan PP Nomor 22 Tahun 2021.pdf (.pdf)
2026-07-04 18:49:53,171 [INFO] DocumentExtractor:   Progress: 10/483 halaman
2026-07-04 18:49:54,359 [INFO] DocumentExtractor:   Progress: 20/483 halaman
2026-07-04 18:49:55,294 [INFO] DocumentExtractor:   Progress: 30/483 halaman
2026-07-04 18:49:56,062 [INFO] DocumentExtractor:   Progress: 40/483 halaman
2026-07-04 18:49:56,825 [INFO] DocumentExtractor:   Progress: 50/483 halaman
2026-07-04 18:49:57,599 [INFO] DocumentExtractor:   Progress: 60/483 halaman
2026-07-04 18:49:58,345 [INFO] DocumentExtractor:   Progress: 70/483 halaman
2026-07-04 18:49:59,087 [INFO] DocumentExtractor:   Progress: 80/483 halaman
2026-07-04 18:49:59,911 [INFO] DocumentExtractor:   Progress: 90/483 halaman
2026-07-04 18:50:00,597 [INFO] DocumentExtractor:   Progress: 100/483 halaman
2026-07-04 18:50:01,349 [INFO] DocumentExtractor:   Progress: 110/483 halaman
2026-07-04 18:50:02,089 [INFO] DocumentExtractor:   Progress: 120/483 halaman
2026-07-04 18:50:02,757 [INFO] DocumentExtractor:   Progress: 130/483 halaman
2026-07-04 18:50:03,480 [INFO] DocumentExtractor:   Progress: 140/483 halaman
2026-07-04 18:50:04,245 [INFO] DocumentExtractor:   Progress: 150/483 halaman
2026-07-04 18:50:04,831 [INFO] DocumentExtractor:   Progress: 160/483 halaman
2026-07-04 18:50:05,546 [INFO] DocumentExtractor:   Progress: 170/483 halaman
2026-07-04 18:50:06,343 [INFO] DocumentExtractor:   Progress: 180/483 halaman
2026-07-04 18:50:07,148 [INFO] DocumentExtractor:   Progress: 190/483 halaman
2026-07-04 18:50:08,014 [INFO] DocumentExtractor:   Progress: 200/483 halaman
2026-07-04 18:50:08,915 [INFO] DocumentExtractor:   Progress: 210/483 halaman
2026-07-04 18:50:09,860 [INFO] DocumentExtractor:   Progress: 220/483 halaman
2026-07-04 18:50:10,830 [INFO] DocumentExtractor:   Progress: 230/483 halaman
2026-07-04 18:50:11,768 [INFO] DocumentExtractor:   Progress: 240/483 halaman
2026-07-04 18:50:12,744 [INFO] DocumentExtractor:   Progress: 250/483 halaman
2026-07-04 18:50:13,743 [INFO] DocumentExtractor:   Progress: 260/483 halaman
2026-07-04 18:50:14,930 [INFO] DocumentExtractor:   Progress: 270/483 halaman
2026-07-04 18:50:16,005 [INFO] DocumentExtractor:   Progress: 280/483 halaman
2026-07-04 18:50:17,021 [INFO] DocumentExtractor:   Progress: 290/483 halaman
2026-07-04 18:50:18,074 [INFO] DocumentExtractor:   Progress: 300/483 halaman
2026-07-04 18:50:18,854 [INFO] DocumentExtractor:   Progress: 310/483 halaman
2026-07-04 18:50:19,809 [INFO] DocumentExtractor:   Progress: 320/483 halaman
2026-07-04 18:50:20,869 [INFO] DocumentExtractor:   Progress: 330/483 halaman
2026-07-04 18:50:22,092 [INFO] DocumentExtractor:   Progress: 340/483 halaman
2026-07-04 18:50:23,181 [INFO] DocumentExtractor:   Progress: 350/483 halaman
2026-07-04 18:50:24,334 [INFO] DocumentExtractor:   Progress: 360/483 halaman
2026-07-04 18:50:25,593 [INFO] DocumentExtractor:   Progress: 370/483 halaman
2026-07-04 18:50:26,335 [INFO] DocumentExtractor:   Progress: 380/483 halaman
2026-07-04 18:50:27,137 [INFO] DocumentExtractor:   Progress: 390/483 halaman
2026-07-04 18:50:27,605 [INFO] DocumentExtractor:   Progress: 400/483 halaman
2026-07-04 18:50:28,714 [INFO] DocumentExtractor:   Progress: 410/483 halaman
2026-07-04 18:50:29,206 [INFO] DocumentExtractor:   Progress: 420/483 halaman
2026-07-04 18:50:29,607 [INFO] DocumentExtractor:   Progress: 430/483 halaman
2026-07-04 18:50:30,336 [INFO] DocumentExtractor:   Progress: 440/483 halaman
2026-07-04 18:50:32,252 [INFO] DocumentExtractor:   Progress: 450/483 halaman
2026-07-04 18:50:32,668 [INFO] DocumentExtractor:   Progress: 460/483 halaman
2026-07-04 18:50:33,358 [INFO] DocumentExtractor:   Progress: 470/483 halaman
2026-07-04 18:50:33,771 [INFO] DocumentExtractor:   Progress: 480/483 halaman
2026-07-04 18:50:33,967 [INFO] DocumentExtractor: Tersimpan: 02_extracted_text\Salinan PP Nomor 22 Tahun 2021_extracted.json
2026-07-04 18:50:33,968 [INFO] DocumentExtractor: Memproses: uu_11_2020_cipta_kerja.pdf (.pdf)
2026-07-04 18:50:36,609 [INFO] DocumentExtractor:   Progress: 10/1187 halaman
2026-07-04 18:50:37,565 [INFO] DocumentExtractor:   Progress: 20/1187 halaman
2026-07-04 18:50:38,359 [INFO] DocumentExtractor:   Progress: 30/1187 halaman
2026-07-04 18:50:38,973 [INFO] DocumentExtractor:   Progress: 40/1187 halaman
2026-07-04 18:50:39,689 [INFO] DocumentExtractor:   Progress: 50/1187 halaman
2026-07-04 18:50:40,255 [INFO] DocumentExtractor:   Progress: 60/1187 halaman
2026-07-04 18:50:40,887 [INFO] DocumentExtractor:   Progress: 70/1187 halaman
2026-07-04 18:50:41,558 [INFO] DocumentExtractor:   Progress: 80/1187 halaman
2026-07-04 18:50:42,149 [INFO] DocumentExtractor:   Progress: 90/1187 halaman
2026-07-04 18:50:42,820 [INFO] DocumentExtractor:   Progress: 100/1187 halaman
2026-07-04 18:50:43,431 [INFO] DocumentExtractor:   Progress: 110/1187 halaman
2026-07-04 18:50:44,104 [INFO] DocumentExtractor:   Progress: 120/1187 halaman
2026-07-04 18:50:44,668 [INFO] DocumentExtractor:   Progress: 130/1187 halaman
2026-07-04 18:50:45,321 [INFO] DocumentExtractor:   Progress: 140/1187 halaman
2026-07-04 18:50:46,029 [INFO] DocumentExtractor:   Progress: 150/1187 halaman
2026-07-04 18:50:46,708 [INFO] DocumentExtractor:   Progress: 160/1187 halaman
2026-07-04 18:50:47,368 [INFO] DocumentExtractor:   Progress: 170/1187 halaman
2026-07-04 18:50:48,095 [INFO] DocumentExtractor:   Progress: 180/1187 halaman
2026-07-04 18:50:48,843 [INFO] DocumentExtractor:   Progress: 190/1187 halaman
2026-07-04 18:50:49,616 [INFO] DocumentExtractor:   Progress: 200/1187 halaman
2026-07-04 18:50:50,269 [INFO] DocumentExtractor:   Progress: 210/1187 halaman
2026-07-04 18:50:51,113 [INFO] DocumentExtractor:   Progress: 220/1187 halaman
2026-07-04 18:50:51,938 [INFO] DocumentExtractor:   Progress: 230/1187 halaman
2026-07-04 18:50:52,743 [INFO] DocumentExtractor:   Progress: 240/1187 halaman
2026-07-04 18:50:53,534 [INFO] DocumentExtractor:   Progress: 250/1187 halaman
2026-07-04 18:50:54,317 [INFO] DocumentExtractor:   Progress: 260/1187 halaman
2026-07-04 18:50:55,121 [INFO] DocumentExtractor:   Progress: 270/1187 halaman
2026-07-04 18:50:55,625 [INFO] DocumentExtractor:   Progress: 280/1187 halaman
2026-07-04 18:50:56,396 [INFO] DocumentExtractor:   Progress: 290/1187 halaman
2026-07-04 18:50:57,200 [INFO] DocumentExtractor:   Progress: 300/1187 halaman
2026-07-04 18:50:57,987 [INFO] DocumentExtractor:   Progress: 310/1187 halaman
2026-07-04 18:50:58,454 [INFO] DocumentExtractor:   Progress: 320/1187 halaman
2026-07-04 18:50:59,267 [INFO] DocumentExtractor:   Progress: 330/1187 halaman
2026-07-04 18:51:00,126 [INFO] DocumentExtractor:   Progress: 340/1187 halaman
2026-07-04 18:51:00,964 [INFO] DocumentExtractor:   Progress: 350/1187 halaman
2026-07-04 18:51:01,491 [INFO] DocumentExtractor:   Progress: 360/1187 halaman
2026-07-04 18:51:02,360 [INFO] DocumentExtractor:   Progress: 370/1187 halaman
2026-07-04 18:51:03,198 [INFO] DocumentExtractor:   Progress: 380/1187 halaman
2026-07-04 18:51:04,100 [INFO] DocumentExtractor:   Progress: 390/1187 halaman
2026-07-04 18:51:04,624 [INFO] DocumentExtractor:   Progress: 400/1187 halaman
2026-07-04 18:51:05,523 [INFO] DocumentExtractor:   Progress: 410/1187 halaman
2026-07-04 18:51:06,488 [INFO] DocumentExtractor:   Progress: 420/1187 halaman
2026-07-04 18:51:07,347 [INFO] DocumentExtractor:   Progress: 430/1187 halaman
2026-07-04 18:51:07,865 [INFO] DocumentExtractor:   Progress: 440/1187 halaman
2026-07-04 18:51:08,750 [INFO] DocumentExtractor:   Progress: 450/1187 halaman
2026-07-04 18:51:09,755 [INFO] DocumentExtractor:   Progress: 460/1187 halaman
2026-07-04 18:51:10,735 [INFO] DocumentExtractor:   Progress: 470/1187 halaman
2026-07-04 18:51:11,828 [INFO] DocumentExtractor:   Progress: 480/1187 halaman
2026-07-04 18:51:12,338 [INFO] DocumentExtractor:   Progress: 490/1187 halaman
2026-07-04 18:51:13,304 [INFO] DocumentExtractor:   Progress: 500/1187 halaman
2026-07-04 18:51:14,308 [INFO] DocumentExtractor:   Progress: 510/1187 halaman
2026-07-04 18:51:15,036 [INFO] DocumentExtractor:   Progress: 520/1187 halaman
2026-07-04 18:51:16,076 [INFO] DocumentExtractor:   Progress: 530/1187 halaman
2026-07-04 18:51:17,217 [INFO] DocumentExtractor:   Progress: 540/1187 halaman
2026-07-04 18:51:18,417 [INFO] DocumentExtractor:   Progress: 550/1187 halaman
2026-07-04 18:51:19,679 [INFO] DocumentExtractor:   Progress: 560/1187 halaman
2026-07-04 18:51:20,250 [INFO] DocumentExtractor:   Progress: 570/1187 halaman
2026-07-04 18:51:21,436 [INFO] DocumentExtractor:   Progress: 580/1187 halaman
2026-07-04 18:51:22,691 [INFO] DocumentExtractor:   Progress: 590/1187 halaman
2026-07-04 18:51:23,968 [INFO] DocumentExtractor:   Progress: 600/1187 halaman
2026-07-04 18:51:24,588 [INFO] DocumentExtractor:   Progress: 610/1187 halaman
2026-07-04 18:51:25,606 [INFO] DocumentExtractor:   Progress: 620/1187 halaman
2026-07-04 18:51:26,821 [INFO] DocumentExtractor:   Progress: 630/1187 halaman
2026-07-04 18:51:28,066 [INFO] DocumentExtractor:   Progress: 640/1187 halaman
2026-07-04 18:51:29,306 [INFO] DocumentExtractor:   Progress: 650/1187 halaman
2026-07-04 18:51:30,551 [INFO] DocumentExtractor:   Progress: 660/1187 halaman
2026-07-04 18:51:31,232 [INFO] DocumentExtractor:   Progress: 670/1187 halaman
2026-07-04 18:51:32,491 [INFO] DocumentExtractor:   Progress: 680/1187 halaman
2026-07-04 18:51:33,749 [INFO] DocumentExtractor:   Progress: 690/1187 halaman
2026-07-04 18:51:35,016 [INFO] DocumentExtractor:   Progress: 700/1187 halaman
2026-07-04 18:51:35,640 [INFO] DocumentExtractor:   Progress: 710/1187 halaman
2026-07-04 18:51:36,821 [INFO] DocumentExtractor:   Progress: 720/1187 halaman
2026-07-04 18:51:38,301 [INFO] DocumentExtractor:   Progress: 730/1187 halaman
2026-07-04 18:51:39,719 [INFO] DocumentExtractor:   Progress: 740/1187 halaman
2026-07-04 18:51:40,362 [INFO] DocumentExtractor:   Progress: 750/1187 halaman
2026-07-04 18:51:41,720 [INFO] DocumentExtractor:   Progress: 760/1187 halaman
2026-07-04 18:51:43,071 [INFO] DocumentExtractor:   Progress: 770/1187 halaman
2026-07-04 18:51:44,382 [INFO] DocumentExtractor:   Progress: 780/1187 halaman
2026-07-04 18:51:45,765 [INFO] DocumentExtractor:   Progress: 790/1187 halaman
2026-07-04 18:51:46,231 [INFO] DocumentExtractor:   Progress: 800/1187 halaman
2026-07-04 18:51:46,598 [INFO] DocumentExtractor:   Progress: 810/1187 halaman
2026-07-04 18:51:47,615 [INFO] DocumentExtractor:   Progress: 820/1187 halaman
2026-07-04 18:51:47,895 [INFO] DocumentExtractor:   Progress: 830/1187 halaman
2026-07-04 18:51:49,071 [INFO] DocumentExtractor:   Progress: 840/1187 halaman
2026-07-04 18:51:49,296 [INFO] DocumentExtractor:   Progress: 850/1187 halaman
2026-07-04 18:51:49,590 [INFO] DocumentExtractor:   Progress: 860/1187 halaman
2026-07-04 18:51:50,748 [INFO] DocumentExtractor:   Progress: 870/1187 halaman
2026-07-04 18:51:51,209 [INFO] DocumentExtractor:   Progress: 880/1187 halaman
2026-07-04 18:51:52,455 [INFO] DocumentExtractor:   Progress: 890/1187 halaman
2026-07-04 18:51:52,699 [INFO] DocumentExtractor:   Progress: 900/1187 halaman
2026-07-04 18:51:53,133 [INFO] DocumentExtractor:   Progress: 910/1187 halaman
2026-07-04 18:51:54,154 [INFO] DocumentExtractor:   Progress: 920/1187 halaman
2026-07-04 18:51:54,449 [INFO] DocumentExtractor:   Progress: 930/1187 halaman
2026-07-04 18:51:55,562 [INFO] DocumentExtractor:   Progress: 940/1187 halaman
2026-07-04 18:51:55,804 [INFO] DocumentExtractor:   Progress: 950/1187 halaman
2026-07-04 18:51:56,058 [INFO] DocumentExtractor:   Progress: 960/1187 halaman
2026-07-04 18:51:57,252 [INFO] DocumentExtractor:   Progress: 970/1187 halaman
2026-07-04 18:51:57,464 [INFO] DocumentExtractor:   Progress: 980/1187 halaman
2026-07-04 18:51:57,751 [INFO] DocumentExtractor:   Progress: 990/1187 halaman
2026-07-04 18:51:58,956 [INFO] DocumentExtractor:   Progress: 1000/1187 halaman
2026-07-04 18:51:59,307 [INFO] DocumentExtractor:   Progress: 1010/1187 halaman
2026-07-04 18:51:59,590 [INFO] DocumentExtractor:   Progress: 1020/1187 halaman
2026-07-04 18:52:00,823 [INFO] DocumentExtractor:   Progress: 1030/1187 halaman
2026-07-04 18:52:01,241 [INFO] DocumentExtractor:   Progress: 1040/1187 halaman
2026-07-04 18:52:02,465 [INFO] DocumentExtractor:   Progress: 1050/1187 halaman
2026-07-04 18:52:02,718 [INFO] DocumentExtractor:   Progress: 1060/1187 halaman
2026-07-04 18:52:03,138 [INFO] DocumentExtractor:   Progress: 1070/1187 halaman
2026-07-04 18:52:04,482 [INFO] DocumentExtractor:   Progress: 1080/1187 halaman
2026-07-04 18:52:06,006 [INFO] DocumentExtractor:   Progress: 1090/1187 halaman
2026-07-04 18:52:07,500 [INFO] DocumentExtractor:   Progress: 1100/1187 halaman
2026-07-04 18:52:08,167 [INFO] DocumentExtractor:   Progress: 1110/1187 halaman
2026-07-04 18:52:09,570 [INFO] DocumentExtractor:   Progress: 1120/1187 halaman
2026-07-04 18:52:11,094 [INFO] DocumentExtractor:   Progress: 1130/1187 halaman
2026-07-04 18:52:11,822 [INFO] DocumentExtractor:   Progress: 1140/1187 halaman
2026-07-04 18:52:12,839 [INFO] DocumentExtractor:   Progress: 1150/1187 halaman
2026-07-04 18:52:13,181 [INFO] DocumentExtractor:   Progress: 1160/1187 halaman
2026-07-04 18:52:14,500 [INFO] DocumentExtractor:   Progress: 1170/1187 halaman
2026-07-04 18:52:14,884 [INFO] DocumentExtractor:   Progress: 1180/1187 halaman
2026-07-04 18:52:15,516 [INFO] DocumentExtractor: Tersimpan: 02_extracted_text\uu_11_2020_cipta_kerja_extracted.json
2026-07-04 18:52:15,517 [INFO] DocumentExtractor: Memproses: uu_13_2003_ketenagakerjaan.pdf (.pdf)
2026-07-04 18:52:18,292 [INFO] DocumentExtractor:   Progress: 10/128 halaman
2026-07-04 18:52:19,823 [INFO] DocumentExtractor:   Progress: 20/128 halaman
2026-07-04 18:52:21,554 [INFO] DocumentExtractor:   Progress: 30/128 halaman
2026-07-04 18:52:22,683 [INFO] DocumentExtractor:   Progress: 40/128 halaman
2026-07-04 18:52:23,408 [INFO] DocumentExtractor:   Progress: 50/128 halaman
2026-07-04 18:52:24,033 [INFO] DocumentExtractor:   Progress: 60/128 halaman
2026-07-04 18:52:24,758 [INFO] DocumentExtractor:   Progress: 70/128 halaman
2026-07-04 18:52:25,330 [INFO] DocumentExtractor:   Progress: 80/128 halaman
2026-07-04 18:52:25,744 [INFO] DocumentExtractor:   Progress: 90/128 halaman
2026-07-04 18:52:26,135 [INFO] DocumentExtractor:   Progress: 100/128 halaman
2026-07-04 18:52:26,433 [INFO] DocumentExtractor:   Progress: 110/128 halaman
2026-07-04 18:52:26,810 [INFO] DocumentExtractor:   Progress: 120/128 halaman
2026-07-04 18:52:27,052 [INFO] DocumentExtractor: Tersimpan: 02_extracted_text\uu_13_2003_ketenagakerjaan_extracted.json
2026-07-04 18:52:27,053 [INFO] DocumentExtractor: Memproses: uu_20_2016_merek_indikasi_geografis.pdf (.pdf)
2026-07-04 18:52:27,930 [INFO] DocumentExtractor:   Progress: 10/74 halaman
2026-07-04 18:52:28,754 [INFO] DocumentExtractor:   Progress: 20/74 halaman
2026-07-04 18:52:29,428 [INFO] DocumentExtractor:   Progress: 30/74 halaman
2026-07-04 18:52:30,000 [INFO] DocumentExtractor:   Progress: 40/74 halaman
2026-07-04 18:52:30,698 [INFO] DocumentExtractor:   Progress: 50/74 halaman
2026-07-04 18:52:31,321 [INFO] DocumentExtractor:   Progress: 60/74 halaman
2026-07-04 18:52:31,745 [INFO] DocumentExtractor:   Progress: 70/74 halaman
2026-07-04 18:52:31,854 [INFO] DocumentExtractor: Tersimpan: 02_extracted_text\uu_20_2016_merek_indikasi_geografis_extracted.json
2026-07-04 18:52:31,855 [INFO] DocumentExtractor: Memproses: uu_33_2014_jaminan_produk_halal.pdf (.pdf)
2026-07-04 18:52:32,452 [INFO] DocumentExtractor:   Progress: 10/40 halaman
2026-07-04 18:52:33,029 [INFO] DocumentExtractor:   Progress: 20/40 halaman
2026-07-04 18:52:33,593 [INFO] DocumentExtractor:   Progress: 30/40 halaman
2026-07-04 18:52:33,897 [INFO] DocumentExtractor:   Progress: 40/40 halaman
2026-07-04 18:52:33,904 [INFO] DocumentExtractor: Tersimpan: 02_extracted_text\uu_33_2014_jaminan_produk_halal_extracted.json
2026-07-04 18:52:33,905 [INFO] DocumentExtractor: Memproses: uu_40_2007_perseroan_terbatas.pdf (.pdf)
2026-07-04 18:52:34,871 [INFO] DocumentExtractor:   Progress: 10/140 halaman
2026-07-04 18:52:35,485 [INFO] DocumentExtractor:   Progress: 20/140 halaman
2026-07-04 18:52:36,071 [INFO] DocumentExtractor:   Progress: 30/140 halaman
2026-07-04 18:52:36,663 [INFO] DocumentExtractor:   Progress: 40/140 halaman
2026-07-04 18:52:37,450 [INFO] DocumentExtractor:   Progress: 50/140 halaman
2026-07-04 18:52:38,185 [INFO] DocumentExtractor:   Progress: 60/140 halaman
2026-07-04 18:52:38,835 [INFO] DocumentExtractor:   Progress: 70/140 halaman
2026-07-04 18:52:39,535 [INFO] DocumentExtractor:   Progress: 80/140 halaman
2026-07-04 18:52:40,253 [INFO] DocumentExtractor:   Progress: 90/140 halaman
2026-07-04 18:52:40,765 [INFO] DocumentExtractor:   Progress: 100/140 halaman
2026-07-04 18:52:41,378 [INFO] DocumentExtractor:   Progress: 110/140 halaman
2026-07-04 18:52:42,028 [INFO] DocumentExtractor:   Progress: 120/140 halaman
2026-07-04 18:52:42,656 [INFO] DocumentExtractor:   Progress: 130/140 halaman
2026-07-04 18:52:43,040 [INFO] DocumentExtractor:   Progress: 140/140 halaman
2026-07-04 18:52:43,059 [INFO] DocumentExtractor: Tersimpan: 02_extracted_text\uu_40_2007_perseroan_terbatas_extracted.json
2026-07-04 18:52:43,060 [INFO] DocumentExtractor: Memproses: uu_8_1999_perlindungan_konsumen.pdf (.pdf)
2026-07-04 18:52:43,942 [INFO] DocumentExtractor:   Progress: 10/54 halaman
2026-07-04 18:52:45,014 [INFO] DocumentExtractor:   Progress: 20/54 halaman
2026-07-04 18:52:45,715 [INFO] DocumentExtractor:   Progress: 30/54 halaman
2026-07-04 18:52:46,286 [INFO] DocumentExtractor:   Progress: 40/54 halaman
2026-07-04 18:52:46,663 [INFO] DocumentExtractor:   Progress: 50/54 halaman
2026-07-04 18:52:46,781 [INFO] DocumentExtractor: Tersimpan: 02_extracted_text\uu_8_1999_perlindungan_konsumen_extracted.json
2026-07-04 18:52:46,781 [INFO] DocumentExtractor: Memproses: KBLI_2020.pdf (.pdf)
2026-07-04 18:52:48,548 [INFO] DocumentExtractor:   Progress: 10/833 halaman
2026-07-04 18:52:49,676 [INFO] DocumentExtractor:   Progress: 20/833 halaman
2026-07-04 18:52:50,708 [INFO] DocumentExtractor:   Progress: 30/833 halaman
2026-07-04 18:52:51,627 [INFO] DocumentExtractor:   Progress: 40/833 halaman
2026-07-04 18:52:52,797 [INFO] DocumentExtractor:   Progress: 50/833 halaman
2026-07-04 18:52:54,208 [INFO] DocumentExtractor:   Progress: 60/833 halaman
2026-07-04 18:52:55,711 [INFO] DocumentExtractor:   Progress: 70/833 halaman
2026-07-04 18:52:56,938 [INFO] DocumentExtractor:   Progress: 80/833 halaman
2026-07-04 18:52:58,406 [INFO] DocumentExtractor:   Progress: 90/833 halaman
2026-07-04 18:52:59,657 [INFO] DocumentExtractor:   Progress: 100/833 halaman
2026-07-04 18:53:01,121 [INFO] DocumentExtractor:   Progress: 110/833 halaman
2026-07-04 18:53:02,761 [INFO] DocumentExtractor:   Progress: 120/833 halaman
2026-07-04 18:53:04,792 [INFO] DocumentExtractor:   Progress: 130/833 halaman
2026-07-04 18:53:06,454 [INFO] DocumentExtractor:   Progress: 140/833 halaman
2026-07-04 18:53:07,909 [INFO] DocumentExtractor:   Progress: 150/833 halaman
2026-07-04 18:53:09,722 [INFO] DocumentExtractor:   Progress: 160/833 halaman
2026-07-04 18:53:11,147 [INFO] DocumentExtractor:   Progress: 170/833 halaman
2026-07-04 18:53:12,970 [INFO] DocumentExtractor:   Progress: 180/833 halaman
2026-07-04 18:53:14,464 [INFO] DocumentExtractor:   Progress: 190/833 halaman
2026-07-04 18:53:16,460 [INFO] DocumentExtractor:   Progress: 200/833 halaman
2026-07-04 18:53:18,636 [INFO] DocumentExtractor:   Progress: 210/833 halaman
2026-07-04 18:53:20,361 [INFO] DocumentExtractor:   Progress: 220/833 halaman
2026-07-04 18:53:22,509 [INFO] DocumentExtractor:   Progress: 230/833 halaman
2026-07-04 18:53:23,953 [INFO] DocumentExtractor:   Progress: 240/833 halaman
2026-07-04 18:53:26,072 [INFO] DocumentExtractor:   Progress: 250/833 halaman
2026-07-04 18:53:27,774 [INFO] DocumentExtractor:   Progress: 260/833 halaman
2026-07-04 18:53:30,108 [INFO] DocumentExtractor:   Progress: 270/833 halaman
2026-07-04 18:53:31,660 [INFO] DocumentExtractor:   Progress: 280/833 halaman
2026-07-04 18:53:33,737 [INFO] DocumentExtractor:   Progress: 290/833 halaman
2026-07-04 18:53:35,097 [INFO] DocumentExtractor:   Progress: 300/833 halaman
2026-07-04 18:53:37,046 [INFO] DocumentExtractor:   Progress: 310/833 halaman
2026-07-04 18:53:39,485 [INFO] DocumentExtractor:   Progress: 320/833 halaman
2026-07-04 18:53:41,321 [INFO] DocumentExtractor:   Progress: 330/833 halaman
2026-07-04 18:53:43,905 [INFO] DocumentExtractor:   Progress: 340/833 halaman
2026-07-04 18:53:45,983 [INFO] DocumentExtractor:   Progress: 350/833 halaman
2026-07-04 18:53:48,831 [INFO] DocumentExtractor:   Progress: 360/833 halaman
2026-07-04 18:53:51,878 [INFO] DocumentExtractor:   Progress: 370/833 halaman
2026-07-04 18:53:53,990 [INFO] DocumentExtractor:   Progress: 380/833 halaman
2026-07-04 18:53:56,855 [INFO] DocumentExtractor:   Progress: 390/833 halaman
2026-07-04 18:53:58,926 [INFO] DocumentExtractor:   Progress: 400/833 halaman
2026-07-04 18:54:01,774 [INFO] DocumentExtractor:   Progress: 410/833 halaman
2026-07-04 18:54:03,965 [INFO] DocumentExtractor:   Progress: 420/833 halaman
2026-07-04 18:54:07,099 [INFO] DocumentExtractor:   Progress: 430/833 halaman
2026-07-04 18:54:10,209 [INFO] DocumentExtractor:   Progress: 440/833 halaman
2026-07-04 18:54:12,362 [INFO] DocumentExtractor:   Progress: 450/833 halaman
2026-07-04 18:54:15,550 [INFO] DocumentExtractor:   Progress: 460/833 halaman
2026-07-04 18:54:17,263 [INFO] DocumentExtractor:   Progress: 470/833 halaman
2026-07-04 18:54:17,267 [WARNING] pdfminer.pdfinterp: Cannot set non-stroke color: /'P0' is an invalid float value
2026-07-04 18:54:19,245 [INFO] DocumentExtractor:   Progress: 480/833 halaman
2026-07-04 18:54:21,246 [INFO] DocumentExtractor:   Progress: 490/833 halaman
2026-07-04 18:54:24,493 [INFO] DocumentExtractor:   Progress: 500/833 halaman
2026-07-04 18:54:24,903 [WARNING] pdfminer.pdfinterp: Cannot set non-stroke color: /'P0' is an invalid float value
2026-07-04 18:54:26,434 [INFO] DocumentExtractor:   Progress: 510/833 halaman
2026-07-04 18:54:28,652 [INFO] DocumentExtractor:   Progress: 520/833 halaman
2026-07-04 18:54:31,974 [INFO] DocumentExtractor:   Progress: 530/833 halaman
2026-07-04 18:54:34,198 [INFO] DocumentExtractor:   Progress: 540/833 halaman
2026-07-04 18:54:37,243 [INFO] DocumentExtractor:   Progress: 550/833 halaman
2026-07-04 18:54:39,605 [INFO] DocumentExtractor:   Progress: 560/833 halaman
2026-07-04 18:54:41,412 [INFO] DocumentExtractor:   Progress: 570/833 halaman
2026-07-04 18:54:44,305 [INFO] DocumentExtractor:   Progress: 580/833 halaman
2026-07-04 18:54:46,382 [INFO] DocumentExtractor:   Progress: 590/833 halaman
2026-07-04 18:54:48,195 [INFO] DocumentExtractor:   Progress: 600/833 halaman
2026-07-04 18:54:50,172 [INFO] DocumentExtractor:   Progress: 610/833 halaman
2026-07-04 18:54:53,941 [INFO] DocumentExtractor:   Progress: 620/833 halaman
2026-07-04 18:54:56,529 [INFO] DocumentExtractor:   Progress: 630/833 halaman
2026-07-04 18:54:59,269 [INFO] DocumentExtractor:   Progress: 640/833 halaman
2026-07-04 18:55:01,437 [INFO] DocumentExtractor:   Progress: 650/833 halaman
2026-07-04 18:55:04,647 [INFO] DocumentExtractor:   Progress: 660/833 halaman
2026-07-04 18:55:06,358 [INFO] DocumentExtractor:   Progress: 670/833 halaman
2026-07-04 18:55:08,268 [INFO] DocumentExtractor:   Progress: 680/833 halaman
2026-07-04 18:55:10,494 [INFO] DocumentExtractor:   Progress: 690/833 halaman
2026-07-04 18:55:13,699 [INFO] DocumentExtractor:   Progress: 700/833 halaman
2026-07-04 18:55:15,709 [INFO] DocumentExtractor:   Progress: 710/833 halaman
2026-07-04 18:55:19,207 [INFO] DocumentExtractor:   Progress: 720/833 halaman
2026-07-04 18:55:21,445 [INFO] DocumentExtractor:   Progress: 730/833 halaman
2026-07-04 18:55:24,952 [INFO] DocumentExtractor:   Progress: 740/833 halaman
2026-07-04 18:55:27,050 [INFO] DocumentExtractor:   Progress: 750/833 halaman
2026-07-04 18:55:29,322 [INFO] DocumentExtractor:   Progress: 760/833 halaman
2026-07-04 18:55:31,724 [INFO] DocumentExtractor:   Progress: 770/833 halaman
2026-07-04 18:55:35,193 [INFO] DocumentExtractor:   Progress: 780/833 halaman
2026-07-04 18:55:37,179 [INFO] DocumentExtractor:   Progress: 790/833 halaman
2026-07-04 18:55:40,788 [INFO] DocumentExtractor:   Progress: 800/833 halaman
2026-07-04 18:55:42,819 [INFO] DocumentExtractor:   Progress: 810/833 halaman
2026-07-04 18:55:45,195 [INFO] DocumentExtractor:   Progress: 820/833 halaman
2026-07-04 18:55:45,811 [INFO] DocumentExtractor:   Progress: 830/833 halaman
2026-07-04 18:55:47,138 [INFO] DocumentExtractor: Tersimpan: 02_extracted_text\KBLI_2020_extracted.json
2026-07-04 18:55:47,139 [INFO] DocumentExtractor: Memproses: kuhd.PDF (.pdf)
2026-07-04 18:55:51,005 [INFO] DocumentExtractor:   Progress: 10/165 halaman
2026-07-04 18:55:53,848 [INFO] DocumentExtractor:   Progress: 20/165 halaman
2026-07-04 18:55:55,163 [INFO] DocumentExtractor:   Progress: 30/165 halaman
2026-07-04 18:55:56,106 [INFO] DocumentExtractor:   Progress: 40/165 halaman
2026-07-04 18:55:57,123 [INFO] DocumentExtractor:   Progress: 50/165 halaman
2026-07-04 18:55:58,066 [INFO] DocumentExtractor:   Progress: 60/165 halaman
2026-07-04 18:55:59,077 [INFO] DocumentExtractor:   Progress: 70/165 halaman
2026-07-04 18:56:00,226 [INFO] DocumentExtractor:   Progress: 80/165 halaman
2026-07-04 18:56:01,452 [INFO] DocumentExtractor:   Progress: 90/165 halaman
2026-07-04 18:56:02,694 [INFO] DocumentExtractor:   Progress: 100/165 halaman
2026-07-04 18:56:03,994 [INFO] DocumentExtractor:   Progress: 110/165 halaman
2026-07-04 18:56:05,283 [INFO] DocumentExtractor:   Progress: 120/165 halaman
2026-07-04 18:56:06,745 [INFO] DocumentExtractor:   Progress: 130/165 halaman
2026-07-04 18:56:07,823 [INFO] DocumentExtractor:   Progress: 140/165 halaman
2026-07-04 18:56:09,295 [INFO] DocumentExtractor:   Progress: 150/165 halaman
2026-07-04 18:56:10,787 [INFO] DocumentExtractor:   Progress: 160/165 halaman
2026-07-04 18:56:11,202 [INFO] DocumentExtractor: Tersimpan: 02_extracted_text\kuhd_extracted.json
2026-07-04 18:56:11,203 [INFO] DocumentExtractor: Memproses: kuhperdata_buku_3_perikatan.pdf (.pdf)
2026-07-04 18:56:13,087 [INFO] DocumentExtractor:   Progress: 10/111 halaman
2026-07-04 18:56:14,327 [INFO] DocumentExtractor:   Progress: 20/111 halaman
2026-07-04 18:56:15,314 [INFO] DocumentExtractor:   Progress: 30/111 halaman
2026-07-04 18:56:16,210 [INFO] DocumentExtractor:   Progress: 40/111 halaman
2026-07-04 18:56:17,106 [INFO] DocumentExtractor:   Progress: 50/111 halaman
2026-07-04 18:56:18,187 [INFO] DocumentExtractor:   Progress: 60/111 halaman
2026-07-04 18:56:19,493 [INFO] DocumentExtractor:   Progress: 70/111 halaman
2026-07-04 18:56:20,548 [INFO] DocumentExtractor:   Progress: 80/111 halaman
2026-07-04 18:56:21,536 [INFO] DocumentExtractor:   Progress: 90/111 halaman
2026-07-04 18:56:22,434 [INFO] DocumentExtractor:   Progress: 100/111 halaman
2026-07-04 18:56:23,392 [INFO] DocumentExtractor:   Progress: 110/111 halaman
2026-07-04 18:56:23,483 [INFO] DocumentExtractor: Tersimpan: 02_extracted_text\kuhperdata_buku_3_perikatan_extracted.json
2026-07-04 18:56:23,484 [INFO] DocumentExtractor: Memproses: Peraturan BPOM Nomor 4 Tahun 2024.pdf (.pdf)
2026-07-04 18:56:24,816 [INFO] DocumentExtractor:   Progress: 10/70 halaman
2026-07-04 18:56:26,337 [INFO] DocumentExtractor:   Progress: 20/70 halaman
2026-07-04 18:56:27,601 [INFO] DocumentExtractor:   Progress: 30/70 halaman
2026-07-04 18:56:29,050 [INFO] DocumentExtractor:   Progress: 40/70 halaman
2026-07-04 18:56:30,416 [INFO] DocumentExtractor:   Progress: 50/70 halaman
2026-07-04 18:56:31,627 [INFO] DocumentExtractor:   Progress: 60/70 halaman
2026-07-04 18:56:32,521 [INFO] DocumentExtractor:   Progress: 70/70 halaman
2026-07-04 18:56:32,529 [INFO] DocumentExtractor: Tersimpan: 02_extracted_text\Peraturan BPOM Nomor 4 Tahun 2024_extracted.json
2026-07-04 18:56:32,530 [INFO] DocumentExtractor: Memproses: permen LHK No. 4 tahun 2021.pdf (.pdf)
2026-07-04 18:56:33,593 [INFO] DocumentExtractor:   Progress: 10/319 halaman
2026-07-04 18:56:34,817 [INFO] DocumentExtractor:   Progress: 20/319 halaman
2026-07-04 18:56:35,826 [INFO] DocumentExtractor:   Progress: 30/319 halaman
2026-07-04 18:56:36,859 [INFO] DocumentExtractor:   Progress: 40/319 halaman
2026-07-04 18:56:37,819 [INFO] DocumentExtractor:   Progress: 50/319 halaman
2026-07-04 18:56:39,093 [INFO] DocumentExtractor:   Progress: 60/319 halaman
2026-07-04 18:56:40,252 [INFO] DocumentExtractor:   Progress: 70/319 halaman
2026-07-04 18:56:41,491 [INFO] DocumentExtractor:   Progress: 80/319 halaman
2026-07-04 18:56:42,852 [INFO] DocumentExtractor:   Progress: 90/319 halaman
2026-07-04 18:56:44,076 [INFO] DocumentExtractor:   Progress: 100/319 halaman
2026-07-04 18:56:45,456 [INFO] DocumentExtractor:   Progress: 110/319 halaman
2026-07-04 18:56:46,707 [INFO] DocumentExtractor:   Progress: 120/319 halaman
2026-07-04 18:56:48,147 [INFO] DocumentExtractor:   Progress: 130/319 halaman
2026-07-04 18:56:49,394 [INFO] DocumentExtractor:   Progress: 140/319 halaman
2026-07-04 18:56:51,227 [INFO] DocumentExtractor:   Progress: 150/319 halaman
2026-07-04 18:56:52,775 [INFO] DocumentExtractor:   Progress: 160/319 halaman
2026-07-04 18:56:54,552 [INFO] DocumentExtractor:   Progress: 170/319 halaman
2026-07-04 18:56:56,347 [INFO] DocumentExtractor:   Progress: 180/319 halaman
2026-07-04 18:56:57,767 [INFO] DocumentExtractor:   Progress: 190/319 halaman
2026-07-04 18:56:59,594 [INFO] DocumentExtractor:   Progress: 200/319 halaman
2026-07-04 18:57:00,922 [INFO] DocumentExtractor:   Progress: 210/319 halaman
2026-07-04 18:57:02,652 [INFO] DocumentExtractor:   Progress: 220/319 halaman
2026-07-04 18:57:04,661 [INFO] DocumentExtractor:   Progress: 230/319 halaman
2026-07-04 18:57:07,510 [INFO] DocumentExtractor:   Progress: 240/319 halaman
2026-07-04 18:57:10,126 [INFO] DocumentExtractor:   Progress: 250/319 halaman
2026-07-04 18:57:12,674 [INFO] DocumentExtractor:   Progress: 260/319 halaman
2026-07-04 18:57:14,863 [INFO] DocumentExtractor:   Progress: 270/319 halaman
2026-07-04 18:57:16,414 [INFO] DocumentExtractor:   Progress: 280/319 halaman
2026-07-04 18:57:17,936 [INFO] DocumentExtractor:   Progress: 290/319 halaman
2026-07-04 18:57:19,484 [INFO] DocumentExtractor:   Progress: 300/319 halaman
2026-07-04 18:57:20,664 [INFO] DocumentExtractor:   Progress: 310/319 halaman
2026-07-04 18:57:22,198 [INFO] DocumentExtractor: Tersimpan: 02_extracted_text\permen LHK No. 4 tahun 2021_extracted.json
2026-07-04 18:57:22,199 [INFO] DocumentExtractor: Memproses: Permenkes Nomor 14 Tahun 2021_compressed.pdf (.pdf)
2026-07-04 18:57:24,866 [INFO] DocumentExtractor:   Progress: 10/1832 halaman
2026-07-04 18:57:24,934 [INFO] DocumentExtractor:   Progress: 20/1832 halaman
2026-07-04 18:57:24,977 [INFO] DocumentExtractor:   Progress: 30/1832 halaman
2026-07-04 18:57:25,050 [INFO] DocumentExtractor:   Progress: 40/1832 halaman
2026-07-04 18:57:25,114 [INFO] DocumentExtractor:   Progress: 50/1832 halaman
2026-07-04 18:57:25,179 [INFO] DocumentExtractor:   Progress: 60/1832 halaman
2026-07-04 18:57:25,223 [INFO] DocumentExtractor:   Progress: 70/1832 halaman
2026-07-04 18:57:25,299 [INFO] DocumentExtractor:   Progress: 80/1832 halaman
2026-07-04 18:57:25,370 [INFO] DocumentExtractor:   Progress: 90/1832 halaman
2026-07-04 18:57:25,434 [INFO] DocumentExtractor:   Progress: 100/1832 halaman
2026-07-04 18:57:25,500 [INFO] DocumentExtractor:   Progress: 110/1832 halaman
2026-07-04 18:57:25,542 [INFO] DocumentExtractor:   Progress: 120/1832 halaman
2026-07-04 18:57:25,611 [INFO] DocumentExtractor:   Progress: 130/1832 halaman
2026-07-04 18:57:25,670 [INFO] DocumentExtractor:   Progress: 140/1832 halaman
2026-07-04 18:57:25,735 [INFO] DocumentExtractor:   Progress: 150/1832 halaman
2026-07-04 18:57:25,777 [INFO] DocumentExtractor:   Progress: 160/1832 halaman
2026-07-04 18:57:25,837 [INFO] DocumentExtractor:   Progress: 170/1832 halaman
2026-07-04 18:57:25,902 [INFO] DocumentExtractor:   Progress: 180/1832 halaman
2026-07-04 18:57:25,960 [INFO] DocumentExtractor:   Progress: 190/1832 halaman
2026-07-04 18:57:26,020 [INFO] DocumentExtractor:   Progress: 200/1832 halaman
2026-07-04 18:57:26,069 [INFO] DocumentExtractor:   Progress: 210/1832 halaman
2026-07-04 18:57:26,129 [INFO] DocumentExtractor:   Progress: 220/1832 halaman
2026-07-04 18:57:26,188 [INFO] DocumentExtractor:   Progress: 230/1832 halaman
2026-07-04 18:57:26,248 [INFO] DocumentExtractor:   Progress: 240/1832 halaman
2026-07-04 18:57:26,307 [INFO] DocumentExtractor:   Progress: 250/1832 halaman
2026-07-04 18:57:26,353 [INFO] DocumentExtractor:   Progress: 260/1832 halaman
2026-07-04 18:57:26,414 [INFO] DocumentExtractor:   Progress: 270/1832 halaman
2026-07-04 18:57:26,473 [INFO] DocumentExtractor:   Progress: 280/1832 halaman
2026-07-04 18:57:26,524 [INFO] DocumentExtractor:   Progress: 290/1832 halaman
2026-07-04 18:57:26,567 [INFO] DocumentExtractor:   Progress: 300/1832 halaman
2026-07-04 18:57:26,624 [INFO] DocumentExtractor:   Progress: 310/1832 halaman
2026-07-04 18:57:26,682 [INFO] DocumentExtractor:   Progress: 320/1832 halaman
2026-07-04 18:57:26,736 [INFO] DocumentExtractor:   Progress: 330/1832 halaman
2026-07-04 18:57:26,794 [INFO] DocumentExtractor:   Progress: 340/1832 halaman
2026-07-04 18:57:26,835 [INFO] DocumentExtractor:   Progress: 350/1832 halaman
2026-07-04 18:57:26,888 [INFO] DocumentExtractor:   Progress: 360/1832 halaman
2026-07-04 18:57:26,942 [INFO] DocumentExtractor:   Progress: 370/1832 halaman
2026-07-04 18:57:26,996 [INFO] DocumentExtractor:   Progress: 380/1832 halaman
2026-07-04 18:57:27,040 [INFO] DocumentExtractor:   Progress: 390/1832 halaman
2026-07-04 18:57:27,095 [INFO] DocumentExtractor:   Progress: 400/1832 halaman
2026-07-04 18:57:27,147 [INFO] DocumentExtractor:   Progress: 410/1832 halaman
2026-07-04 18:57:27,201 [INFO] DocumentExtractor:   Progress: 420/1832 halaman
2026-07-04 18:57:27,253 [INFO] DocumentExtractor:   Progress: 430/1832 halaman
2026-07-04 18:57:27,294 [INFO] DocumentExtractor:   Progress: 440/1832 halaman
2026-07-04 18:57:27,346 [INFO] DocumentExtractor:   Progress: 450/1832 halaman
2026-07-04 18:57:27,403 [INFO] DocumentExtractor:   Progress: 460/1832 halaman
2026-07-04 18:57:27,454 [INFO] DocumentExtractor:   Progress: 470/1832 halaman
2026-07-04 18:57:27,495 [INFO] DocumentExtractor:   Progress: 480/1832 halaman
2026-07-04 18:57:27,549 [INFO] DocumentExtractor:   Progress: 490/1832 halaman
2026-07-04 18:57:27,601 [INFO] DocumentExtractor:   Progress: 500/1832 halaman
2026-07-04 18:57:27,657 [INFO] DocumentExtractor:   Progress: 510/1832 halaman
2026-07-04 18:57:27,703 [INFO] DocumentExtractor:   Progress: 520/1832 halaman
2026-07-04 18:57:27,745 [INFO] DocumentExtractor:   Progress: 530/1832 halaman
2026-07-04 18:57:27,798 [INFO] DocumentExtractor:   Progress: 540/1832 halaman
2026-07-04 18:57:27,848 [INFO] DocumentExtractor:   Progress: 550/1832 halaman
2026-07-04 18:57:27,895 [INFO] DocumentExtractor:   Progress: 560/1832 halaman
2026-07-04 18:57:27,946 [INFO] DocumentExtractor:   Progress: 570/1832 halaman
2026-07-04 18:57:27,989 [INFO] DocumentExtractor:   Progress: 580/1832 halaman
2026-07-04 18:57:28,039 [INFO] DocumentExtractor:   Progress: 590/1832 halaman
2026-07-04 18:57:28,087 [INFO] DocumentExtractor:   Progress: 600/1832 halaman
2026-07-04 18:57:28,137 [INFO] DocumentExtractor:   Progress: 610/1832 halaman
2026-07-04 18:57:28,180 [INFO] DocumentExtractor:   Progress: 620/1832 halaman
2026-07-04 18:57:28,231 [INFO] DocumentExtractor:   Progress: 630/1832 halaman
2026-07-04 18:57:28,275 [INFO] DocumentExtractor:   Progress: 640/1832 halaman
2026-07-04 18:57:28,320 [INFO] DocumentExtractor:   Progress: 650/1832 halaman
2026-07-04 18:57:28,403 [INFO] DocumentExtractor:   Progress: 660/1832 halaman
2026-07-04 18:57:28,445 [INFO] DocumentExtractor:   Progress: 670/1832 halaman
2026-07-04 18:57:28,487 [INFO] DocumentExtractor:   Progress: 680/1832 halaman
2026-07-04 18:57:28,529 [INFO] DocumentExtractor:   Progress: 690/1832 halaman
2026-07-04 18:57:28,571 [INFO] DocumentExtractor:   Progress: 700/1832 halaman
2026-07-04 18:57:28,612 [INFO] DocumentExtractor:   Progress: 710/1832 halaman
2026-07-04 18:57:28,654 [INFO] DocumentExtractor:   Progress: 720/1832 halaman
2026-07-04 18:57:28,695 [INFO] DocumentExtractor:   Progress: 730/1832 halaman
2026-07-04 18:57:28,737 [INFO] DocumentExtractor:   Progress: 740/1832 halaman
2026-07-04 18:57:28,780 [INFO] DocumentExtractor:   Progress: 750/1832 halaman
2026-07-04 18:57:28,823 [INFO] DocumentExtractor:   Progress: 760/1832 halaman
2026-07-04 18:57:28,865 [INFO] DocumentExtractor:   Progress: 770/1832 halaman
2026-07-04 18:57:28,906 [INFO] DocumentExtractor:   Progress: 780/1832 halaman
2026-07-04 18:57:28,949 [INFO] DocumentExtractor:   Progress: 790/1832 halaman
2026-07-04 18:57:28,990 [INFO] DocumentExtractor:   Progress: 800/1832 halaman
2026-07-04 18:57:29,031 [INFO] DocumentExtractor:   Progress: 810/1832 halaman
2026-07-04 18:57:29,071 [INFO] DocumentExtractor:   Progress: 820/1832 halaman
2026-07-04 18:57:29,115 [INFO] DocumentExtractor:   Progress: 830/1832 halaman
2026-07-04 18:57:29,155 [INFO] DocumentExtractor:   Progress: 840/1832 halaman
2026-07-04 18:57:29,195 [INFO] DocumentExtractor:   Progress: 850/1832 halaman
2026-07-04 18:57:29,237 [INFO] DocumentExtractor:   Progress: 860/1832 halaman
2026-07-04 18:57:29,280 [INFO] DocumentExtractor:   Progress: 870/1832 halaman
2026-07-04 18:57:29,321 [INFO] DocumentExtractor:   Progress: 880/1832 halaman
2026-07-04 18:57:29,364 [INFO] DocumentExtractor:   Progress: 890/1832 halaman
2026-07-04 18:57:29,406 [INFO] DocumentExtractor:   Progress: 900/1832 halaman
2026-07-04 18:57:29,447 [INFO] DocumentExtractor:   Progress: 910/1832 halaman
2026-07-04 18:57:29,488 [INFO] DocumentExtractor:   Progress: 920/1832 halaman
2026-07-04 18:57:29,534 [INFO] DocumentExtractor:   Progress: 930/1832 halaman
2026-07-04 18:57:29,583 [INFO] DocumentExtractor:   Progress: 940/1832 halaman
2026-07-04 18:57:29,630 [INFO] DocumentExtractor:   Progress: 950/1832 halaman
2026-07-04 18:57:29,677 [INFO] DocumentExtractor:   Progress: 960/1832 halaman
2026-07-04 18:57:29,777 [INFO] DocumentExtractor:   Progress: 970/1832 halaman
2026-07-04 18:57:29,822 [INFO] DocumentExtractor:   Progress: 980/1832 halaman
2026-07-04 18:57:29,863 [INFO] DocumentExtractor:   Progress: 990/1832 halaman
2026-07-04 18:57:29,907 [INFO] DocumentExtractor:   Progress: 1000/1832 halaman
2026-07-04 18:57:29,952 [INFO] DocumentExtractor:   Progress: 1010/1832 halaman
2026-07-04 18:57:29,996 [INFO] DocumentExtractor:   Progress: 1020/1832 halaman
2026-07-04 18:57:30,041 [INFO] DocumentExtractor:   Progress: 1030/1832 halaman
2026-07-04 18:57:30,085 [INFO] DocumentExtractor:   Progress: 1040/1832 halaman
2026-07-04 18:57:30,127 [INFO] DocumentExtractor:   Progress: 1050/1832 halaman
2026-07-04 18:57:30,171 [INFO] DocumentExtractor:   Progress: 1060/1832 halaman
2026-07-04 18:57:30,211 [INFO] DocumentExtractor:   Progress: 1070/1832 halaman
2026-07-04 18:57:30,255 [INFO] DocumentExtractor:   Progress: 1080/1832 halaman
2026-07-04 18:57:30,298 [INFO] DocumentExtractor:   Progress: 1090/1832 halaman
2026-07-04 18:57:30,340 [INFO] DocumentExtractor:   Progress: 1100/1832 halaman
2026-07-04 18:57:30,381 [INFO] DocumentExtractor:   Progress: 1110/1832 halaman
2026-07-04 18:57:30,424 [INFO] DocumentExtractor:   Progress: 1120/1832 halaman
2026-07-04 18:57:30,470 [INFO] DocumentExtractor:   Progress: 1130/1832 halaman
2026-07-04 18:57:30,514 [INFO] DocumentExtractor:   Progress: 1140/1832 halaman
2026-07-04 18:57:30,556 [INFO] DocumentExtractor:   Progress: 1150/1832 halaman
2026-07-04 18:57:30,599 [INFO] DocumentExtractor:   Progress: 1160/1832 halaman
2026-07-04 18:57:30,642 [INFO] DocumentExtractor:   Progress: 1170/1832 halaman
2026-07-04 18:57:30,685 [INFO] DocumentExtractor:   Progress: 1180/1832 halaman
2026-07-04 18:57:30,727 [INFO] DocumentExtractor:   Progress: 1190/1832 halaman
2026-07-04 18:57:30,768 [INFO] DocumentExtractor:   Progress: 1200/1832 halaman
2026-07-04 18:57:30,810 [INFO] DocumentExtractor:   Progress: 1210/1832 halaman
2026-07-04 18:57:30,859 [INFO] DocumentExtractor:   Progress: 1220/1832 halaman
2026-07-04 18:57:30,903 [INFO] DocumentExtractor:   Progress: 1230/1832 halaman
2026-07-04 18:57:30,946 [INFO] DocumentExtractor:   Progress: 1240/1832 halaman
2026-07-04 18:57:30,989 [INFO] DocumentExtractor:   Progress: 1250/1832 halaman
2026-07-04 18:57:31,036 [INFO] DocumentExtractor:   Progress: 1260/1832 halaman
2026-07-04 18:57:31,081 [INFO] DocumentExtractor:   Progress: 1270/1832 halaman
2026-07-04 18:57:31,130 [INFO] DocumentExtractor:   Progress: 1280/1832 halaman
2026-07-04 18:57:31,243 [INFO] DocumentExtractor:   Progress: 1290/1832 halaman
2026-07-04 18:57:31,285 [INFO] DocumentExtractor:   Progress: 1300/1832 halaman
2026-07-04 18:57:31,326 [INFO] DocumentExtractor:   Progress: 1310/1832 halaman
2026-07-04 18:57:31,368 [INFO] DocumentExtractor:   Progress: 1320/1832 halaman
2026-07-04 18:57:31,410 [INFO] DocumentExtractor:   Progress: 1330/1832 halaman
2026-07-04 18:57:31,457 [INFO] DocumentExtractor:   Progress: 1340/1832 halaman
2026-07-04 18:57:31,501 [INFO] DocumentExtractor:   Progress: 1350/1832 halaman
2026-07-04 18:57:31,543 [INFO] DocumentExtractor:   Progress: 1360/1832 halaman
2026-07-04 18:57:31,586 [INFO] DocumentExtractor:   Progress: 1370/1832 halaman
2026-07-04 18:57:31,628 [INFO] DocumentExtractor:   Progress: 1380/1832 halaman
2026-07-04 18:57:31,676 [INFO] DocumentExtractor:   Progress: 1390/1832 halaman
2026-07-04 18:57:31,720 [INFO] DocumentExtractor:   Progress: 1400/1832 halaman
2026-07-04 18:57:31,761 [INFO] DocumentExtractor:   Progress: 1410/1832 halaman
2026-07-04 18:57:31,806 [INFO] DocumentExtractor:   Progress: 1420/1832 halaman
2026-07-04 18:57:31,851 [INFO] DocumentExtractor:   Progress: 1430/1832 halaman
2026-07-04 18:57:31,894 [INFO] DocumentExtractor:   Progress: 1440/1832 halaman
2026-07-04 18:57:31,937 [INFO] DocumentExtractor:   Progress: 1450/1832 halaman
2026-07-04 18:57:31,981 [INFO] DocumentExtractor:   Progress: 1460/1832 halaman
2026-07-04 18:57:32,023 [INFO] DocumentExtractor:   Progress: 1470/1832 halaman
2026-07-04 18:57:32,064 [INFO] DocumentExtractor:   Progress: 1480/1832 halaman
2026-07-04 18:57:32,106 [INFO] DocumentExtractor:   Progress: 1490/1832 halaman
2026-07-04 18:57:32,148 [INFO] DocumentExtractor:   Progress: 1500/1832 halaman
2026-07-04 18:57:32,191 [INFO] DocumentExtractor:   Progress: 1510/1832 halaman
2026-07-04 18:57:32,235 [INFO] DocumentExtractor:   Progress: 1520/1832 halaman
2026-07-04 18:57:32,280 [INFO] DocumentExtractor:   Progress: 1530/1832 halaman
2026-07-04 18:57:32,322 [INFO] DocumentExtractor:   Progress: 1540/1832 halaman
2026-07-04 18:57:32,363 [INFO] DocumentExtractor:   Progress: 1550/1832 halaman
2026-07-04 18:57:32,406 [INFO] DocumentExtractor:   Progress: 1560/1832 halaman
2026-07-04 18:57:32,449 [INFO] DocumentExtractor:   Progress: 1570/1832 halaman
2026-07-04 18:57:32,493 [INFO] DocumentExtractor:   Progress: 1580/1832 halaman
2026-07-04 18:57:32,542 [INFO] DocumentExtractor:   Progress: 1590/1832 halaman
2026-07-04 18:57:32,590 [INFO] DocumentExtractor:   Progress: 1600/1832 halaman
2026-07-04 18:57:32,720 [INFO] DocumentExtractor:   Progress: 1610/1832 halaman
2026-07-04 18:57:32,764 [INFO] DocumentExtractor:   Progress: 1620/1832 halaman
2026-07-04 18:57:32,804 [INFO] DocumentExtractor:   Progress: 1630/1832 halaman
2026-07-04 18:57:32,848 [INFO] DocumentExtractor:   Progress: 1640/1832 halaman
2026-07-04 18:57:32,891 [INFO] DocumentExtractor:   Progress: 1650/1832 halaman
2026-07-04 18:57:32,934 [INFO] DocumentExtractor:   Progress: 1660/1832 halaman
2026-07-04 18:57:32,976 [INFO] DocumentExtractor:   Progress: 1670/1832 halaman
2026-07-04 18:57:33,020 [INFO] DocumentExtractor:   Progress: 1680/1832 halaman
2026-07-04 18:57:33,063 [INFO] DocumentExtractor:   Progress: 1690/1832 halaman
2026-07-04 18:57:33,110 [INFO] DocumentExtractor:   Progress: 1700/1832 halaman
2026-07-04 18:57:33,152 [INFO] DocumentExtractor:   Progress: 1710/1832 halaman
2026-07-04 18:57:33,196 [INFO] DocumentExtractor:   Progress: 1720/1832 halaman
2026-07-04 18:57:33,241 [INFO] DocumentExtractor:   Progress: 1730/1832 halaman
2026-07-04 18:57:33,284 [INFO] DocumentExtractor:   Progress: 1740/1832 halaman
2026-07-04 18:57:33,324 [INFO] DocumentExtractor:   Progress: 1750/1832 halaman
2026-07-04 18:57:33,369 [INFO] DocumentExtractor:   Progress: 1760/1832 halaman
2026-07-04 18:57:33,411 [INFO] DocumentExtractor:   Progress: 1770/1832 halaman
2026-07-04 18:57:33,458 [INFO] DocumentExtractor:   Progress: 1780/1832 halaman
2026-07-04 18:57:33,505 [INFO] DocumentExtractor:   Progress: 1790/1832 halaman
2026-07-04 18:57:33,549 [INFO] DocumentExtractor:   Progress: 1800/1832 halaman
2026-07-04 18:57:33,592 [INFO] DocumentExtractor:   Progress: 1810/1832 halaman
2026-07-04 18:57:33,634 [INFO] DocumentExtractor:   Progress: 1820/1832 halaman
2026-07-04 18:57:33,678 [INFO] DocumentExtractor:   Progress: 1830/1832 halaman
2026-07-04 18:57:33,791 [INFO] DocumentExtractor: Tersimpan: 02_extracted_text\Permenkes Nomor 14 Tahun 2021_compressed_extracted.json
2026-07-04 18:57:33,792 [INFO] DocumentExtractor: Memproses: Permenkes Nomor 2 Tahun 2023.pdf (.pdf)
2026-07-04 18:57:35,233 [INFO] DocumentExtractor:   Progress: 10/175 halaman
2026-07-04 18:57:36,360 [INFO] DocumentExtractor:   Progress: 20/175 halaman
2026-07-04 18:57:37,547 [INFO] DocumentExtractor:   Progress: 30/175 halaman
2026-07-04 18:57:38,717 [INFO] DocumentExtractor:   Progress: 40/175 halaman
2026-07-04 18:57:39,836 [INFO] DocumentExtractor:   Progress: 50/175 halaman
2026-07-04 18:57:41,089 [INFO] DocumentExtractor:   Progress: 60/175 halaman
2026-07-04 18:57:42,386 [INFO] DocumentExtractor:   Progress: 70/175 halaman
2026-07-04 18:57:43,611 [INFO] DocumentExtractor:   Progress: 80/175 halaman
2026-07-04 18:57:44,863 [INFO] DocumentExtractor:   Progress: 90/175 halaman
2026-07-04 18:57:46,322 [INFO] DocumentExtractor:   Progress: 100/175 halaman
2026-07-04 18:57:47,551 [INFO] DocumentExtractor:   Progress: 110/175 halaman
2026-07-04 18:57:48,857 [INFO] DocumentExtractor:   Progress: 120/175 halaman
2026-07-04 18:57:50,259 [INFO] DocumentExtractor:   Progress: 130/175 halaman
2026-07-04 18:57:51,829 [INFO] DocumentExtractor:   Progress: 140/175 halaman
2026-07-04 18:57:53,260 [INFO] DocumentExtractor:   Progress: 150/175 halaman
2026-07-04 18:57:54,640 [INFO] DocumentExtractor:   Progress: 160/175 halaman
2026-07-04 18:57:56,019 [INFO] DocumentExtractor:   Progress: 170/175 halaman
2026-07-04 18:57:56,744 [INFO] DocumentExtractor: Tersimpan: 02_extracted_text\Permenkes Nomor 2 Tahun 2023_extracted.json
2026-07-04 18:57:56,745 [INFO] DocumentExtractor: Memproses: permenkes_1096_2011_higiene_sanitasi.pdf (.pdf)
2026-07-04 18:57:57,550 [INFO] DocumentExtractor:   Progress: 10/74 halaman
2026-07-04 18:57:58,879 [INFO] DocumentExtractor:   Progress: 20/74 halaman
2026-07-04 18:58:00,257 [INFO] DocumentExtractor:   Progress: 30/74 halaman
2026-07-04 18:58:01,285 [INFO] DocumentExtractor:   Progress: 40/74 halaman
2026-07-04 18:58:02,607 [INFO] DocumentExtractor:   Progress: 50/74 halaman
2026-07-04 18:58:03,488 [INFO] DocumentExtractor:   Progress: 60/74 halaman
2026-07-04 18:58:04,613 [INFO] DocumentExtractor:   Progress: 70/74 halaman
2026-07-04 18:58:05,015 [INFO] DocumentExtractor: Tersimpan: 02_extracted_text\permenkes_1096_2011_higiene_sanitasi_extracted.json
2026-07-04 18:58:05,016 [INFO] DocumentExtractor: Memproses: pp_39_2021_jaminan_produk_halal.pdf (.pdf)
2026-07-04 18:58:05,544 [INFO] DocumentExtractor:   Progress: 10/110 halaman
2026-07-04 18:58:06,195 [INFO] DocumentExtractor:   Progress: 20/110 halaman
2026-07-04 18:58:06,773 [INFO] DocumentExtractor:   Progress: 30/110 halaman
2026-07-04 18:58:07,305 [INFO] DocumentExtractor:   Progress: 40/110 halaman
2026-07-04 18:58:07,796 [INFO] DocumentExtractor:   Progress: 50/110 halaman
2026-07-04 18:58:08,322 [INFO] DocumentExtractor:   Progress: 60/110 halaman
2026-07-04 18:58:08,819 [INFO] DocumentExtractor:   Progress: 70/110 halaman
2026-07-04 18:58:09,339 [INFO] DocumentExtractor:   Progress: 80/110 halaman
2026-07-04 18:58:09,854 [INFO] DocumentExtractor:   Progress: 90/110 halaman
2026-07-04 18:58:10,170 [INFO] DocumentExtractor:   Progress: 100/110 halaman
2026-07-04 18:58:10,346 [INFO] DocumentExtractor:   Progress: 110/110 halaman
2026-07-04 18:58:10,361 [INFO] DocumentExtractor: Tersimpan: 02_extracted_text\pp_39_2021_jaminan_produk_halal_extracted.json
2026-07-04 18:58:10,362 [INFO] DocumentExtractor: Memproses: pp_5_2021_perizinan_berbasis_risiko.pdf (.pdf)
2026-07-04 18:58:11,655 [INFO] DocumentExtractor:   Progress: 10/739 halaman
2026-07-04 18:58:12,315 [INFO] DocumentExtractor:   Progress: 20/739 halaman
2026-07-04 18:58:12,839 [INFO] DocumentExtractor:   Progress: 30/739 halaman
2026-07-04 18:58:13,457 [INFO] DocumentExtractor:   Progress: 40/739 halaman
2026-07-04 18:58:13,977 [INFO] DocumentExtractor:   Progress: 50/739 halaman
2026-07-04 18:58:14,507 [INFO] DocumentExtractor:   Progress: 60/739 halaman
2026-07-04 18:58:15,092 [INFO] DocumentExtractor:   Progress: 70/739 halaman
2026-07-04 18:58:15,672 [INFO] DocumentExtractor:   Progress: 80/739 halaman
2026-07-04 18:58:16,234 [INFO] DocumentExtractor:   Progress: 90/739 halaman
2026-07-04 18:58:16,803 [INFO] DocumentExtractor:   Progress: 100/739 halaman
2026-07-04 18:58:17,384 [INFO] DocumentExtractor:   Progress: 110/739 halaman
2026-07-04 18:58:17,985 [INFO] DocumentExtractor:   Progress: 120/739 halaman
2026-07-04 18:58:18,606 [INFO] DocumentExtractor:   Progress: 130/739 halaman
2026-07-04 18:58:19,225 [INFO] DocumentExtractor:   Progress: 140/739 halaman
2026-07-04 18:58:19,841 [INFO] DocumentExtractor:   Progress: 150/739 halaman
2026-07-04 18:58:20,455 [INFO] DocumentExtractor:   Progress: 160/739 halaman
2026-07-04 18:58:21,087 [INFO] DocumentExtractor:   Progress: 170/739 halaman
2026-07-04 18:58:21,555 [INFO] DocumentExtractor:   Progress: 180/739 halaman
2026-07-04 18:58:22,188 [INFO] DocumentExtractor:   Progress: 190/739 halaman
2026-07-04 18:58:22,866 [INFO] DocumentExtractor:   Progress: 200/739 halaman
2026-07-04 18:58:23,557 [INFO] DocumentExtractor:   Progress: 210/739 halaman
2026-07-04 18:58:24,252 [INFO] DocumentExtractor:   Progress: 220/739 halaman
2026-07-04 18:58:24,949 [INFO] DocumentExtractor:   Progress: 230/739 halaman
2026-07-04 18:58:25,708 [INFO] DocumentExtractor:   Progress: 240/739 halaman
2026-07-04 18:58:26,545 [INFO] DocumentExtractor:   Progress: 250/739 halaman
2026-07-04 18:58:27,299 [INFO] DocumentExtractor:   Progress: 260/739 halaman
2026-07-04 18:58:28,073 [INFO] DocumentExtractor:   Progress: 270/739 halaman
2026-07-04 18:58:28,831 [INFO] DocumentExtractor:   Progress: 280/739 halaman
2026-07-04 18:58:29,623 [INFO] DocumentExtractor:   Progress: 290/739 halaman
2026-07-04 18:58:30,432 [INFO] DocumentExtractor:   Progress: 300/739 halaman
2026-07-04 18:58:30,996 [INFO] DocumentExtractor:   Progress: 310/739 halaman
2026-07-04 18:58:31,778 [INFO] DocumentExtractor:   Progress: 320/739 halaman
2026-07-04 18:58:32,578 [INFO] DocumentExtractor:   Progress: 330/739 halaman
2026-07-04 18:58:33,402 [INFO] DocumentExtractor:   Progress: 340/739 halaman
2026-07-04 18:58:34,154 [INFO] DocumentExtractor:   Progress: 350/739 halaman
2026-07-04 18:58:34,201 [INFO] DocumentExtractor:   Progress: 360/739 halaman
2026-07-04 18:58:34,249 [INFO] DocumentExtractor:   Progress: 370/739 halaman
2026-07-04 18:58:34,300 [INFO] DocumentExtractor:   Progress: 380/739 halaman
2026-07-04 18:58:34,349 [INFO] DocumentExtractor:   Progress: 390/739 halaman
2026-07-04 18:58:34,397 [INFO] DocumentExtractor:   Progress: 400/739 halaman
2026-07-04 18:58:34,445 [INFO] DocumentExtractor:   Progress: 410/739 halaman
2026-07-04 18:58:34,493 [INFO] DocumentExtractor:   Progress: 420/739 halaman
2026-07-04 18:58:34,541 [INFO] DocumentExtractor:   Progress: 430/739 halaman
2026-07-04 18:58:34,591 [INFO] DocumentExtractor:   Progress: 440/739 halaman
2026-07-04 18:58:34,640 [INFO] DocumentExtractor:   Progress: 450/739 halaman
2026-07-04 18:58:34,686 [INFO] DocumentExtractor:   Progress: 460/739 halaman
2026-07-04 18:58:34,732 [INFO] DocumentExtractor:   Progress: 470/739 halaman
2026-07-04 18:58:34,779 [INFO] DocumentExtractor:   Progress: 480/739 halaman
2026-07-04 18:58:34,824 [INFO] DocumentExtractor:   Progress: 490/739 halaman
2026-07-04 18:58:34,871 [INFO] DocumentExtractor:   Progress: 500/739 halaman
2026-07-04 18:58:34,941 [INFO] DocumentExtractor:   Progress: 510/739 halaman
2026-07-04 18:58:35,009 [INFO] DocumentExtractor:   Progress: 520/739 halaman
2026-07-04 18:58:35,075 [INFO] DocumentExtractor:   Progress: 530/739 halaman
2026-07-04 18:58:35,145 [INFO] DocumentExtractor:   Progress: 540/739 halaman
2026-07-04 18:58:35,221 [INFO] DocumentExtractor:   Progress: 550/739 halaman
2026-07-04 18:58:35,535 [INFO] DocumentExtractor:   Progress: 560/739 halaman
2026-07-04 18:58:35,593 [INFO] DocumentExtractor:   Progress: 570/739 halaman
2026-07-04 18:58:35,704 [INFO] DocumentExtractor:   Progress: 580/739 halaman
2026-07-04 18:58:35,753 [INFO] DocumentExtractor:   Progress: 590/739 halaman
2026-07-04 18:58:35,803 [INFO] DocumentExtractor:   Progress: 600/739 halaman
2026-07-04 18:58:35,851 [INFO] DocumentExtractor:   Progress: 610/739 halaman
2026-07-04 18:58:35,904 [INFO] DocumentExtractor:   Progress: 620/739 halaman
2026-07-04 18:58:35,955 [INFO] DocumentExtractor:   Progress: 630/739 halaman
2026-07-04 18:58:36,004 [INFO] DocumentExtractor:   Progress: 640/739 halaman
2026-07-04 18:58:36,059 [INFO] DocumentExtractor:   Progress: 650/739 halaman
2026-07-04 18:58:36,108 [INFO] DocumentExtractor:   Progress: 660/739 halaman
2026-07-04 18:58:36,157 [INFO] DocumentExtractor:   Progress: 670/739 halaman
2026-07-04 18:58:36,205 [INFO] DocumentExtractor:   Progress: 680/739 halaman
2026-07-04 18:58:36,257 [INFO] DocumentExtractor:   Progress: 690/739 halaman
2026-07-04 18:58:36,306 [INFO] DocumentExtractor:   Progress: 700/739 halaman
2026-07-04 18:58:36,357 [INFO] DocumentExtractor:   Progress: 710/739 halaman
2026-07-04 18:58:36,407 [INFO] DocumentExtractor:   Progress: 720/739 halaman
2026-07-04 18:58:36,454 [INFO] DocumentExtractor:   Progress: 730/739 halaman
2026-07-04 18:58:36,546 [INFO] DocumentExtractor: Tersimpan: 02_extracted_text\pp_5_2021_perizinan_berbasis_risiko_extracted.json
2026-07-04 18:58:36,547 [INFO] DocumentExtractor: Memproses: Salinan PP Nomor 22 Tahun 2021.pdf (.pdf)
2026-07-04 18:58:38,325 [INFO] DocumentExtractor:   Progress: 10/483 halaman
2026-07-04 18:58:39,402 [INFO] DocumentExtractor:   Progress: 20/483 halaman
2026-07-04 18:58:40,254 [INFO] DocumentExtractor:   Progress: 30/483 halaman
2026-07-04 18:58:40,949 [INFO] DocumentExtractor:   Progress: 40/483 halaman
2026-07-04 18:58:41,628 [INFO] DocumentExtractor:   Progress: 50/483 halaman
2026-07-04 18:58:42,304 [INFO] DocumentExtractor:   Progress: 60/483 halaman
2026-07-04 18:58:42,967 [INFO] DocumentExtractor:   Progress: 70/483 halaman
2026-07-04 18:58:43,625 [INFO] DocumentExtractor:   Progress: 80/483 halaman
2026-07-04 18:58:44,326 [INFO] DocumentExtractor:   Progress: 90/483 halaman
2026-07-04 18:58:44,930 [INFO] DocumentExtractor:   Progress: 100/483 halaman
2026-07-04 18:58:45,612 [INFO] DocumentExtractor:   Progress: 110/483 halaman
2026-07-04 18:58:46,280 [INFO] DocumentExtractor:   Progress: 120/483 halaman
2026-07-04 18:58:46,892 [INFO] DocumentExtractor:   Progress: 130/483 halaman
2026-07-04 18:58:47,551 [INFO] DocumentExtractor:   Progress: 140/483 halaman
2026-07-04 18:58:48,272 [INFO] DocumentExtractor:   Progress: 150/483 halaman
2026-07-04 18:58:48,752 [INFO] DocumentExtractor:   Progress: 160/483 halaman
2026-07-04 18:58:49,453 [INFO] DocumentExtractor:   Progress: 170/483 halaman
2026-07-04 18:58:50,164 [INFO] DocumentExtractor:   Progress: 180/483 halaman
2026-07-04 18:58:50,889 [INFO] DocumentExtractor:   Progress: 190/483 halaman
2026-07-04 18:58:51,671 [INFO] DocumentExtractor:   Progress: 200/483 halaman
2026-07-04 18:58:52,451 [INFO] DocumentExtractor:   Progress: 210/483 halaman
2026-07-04 18:58:53,279 [INFO] DocumentExtractor:   Progress: 220/483 halaman
2026-07-04 18:58:54,150 [INFO] DocumentExtractor:   Progress: 230/483 halaman
2026-07-04 18:58:54,967 [INFO] DocumentExtractor:   Progress: 240/483 halaman
2026-07-04 18:58:55,847 [INFO] DocumentExtractor:   Progress: 250/483 halaman
2026-07-04 18:58:56,710 [INFO] DocumentExtractor:   Progress: 260/483 halaman
2026-07-04 18:58:57,598 [INFO] DocumentExtractor:   Progress: 270/483 halaman
2026-07-04 18:58:58,531 [INFO] DocumentExtractor:   Progress: 280/483 halaman
2026-07-04 18:58:59,178 [INFO] DocumentExtractor:   Progress: 290/483 halaman
2026-07-04 18:59:00,059 [INFO] DocumentExtractor:   Progress: 300/483 halaman
2026-07-04 18:59:00,953 [INFO] DocumentExtractor:   Progress: 310/483 halaman
2026-07-04 18:59:01,825 [INFO] DocumentExtractor:   Progress: 320/483 halaman
2026-07-04 18:59:02,668 [INFO] DocumentExtractor:   Progress: 330/483 halaman
2026-07-04 18:59:03,587 [INFO] DocumentExtractor:   Progress: 340/483 halaman
2026-07-04 18:59:04,462 [INFO] DocumentExtractor:   Progress: 350/483 halaman
2026-07-04 18:59:05,082 [INFO] DocumentExtractor:   Progress: 360/483 halaman
2026-07-04 18:59:05,954 [INFO] DocumentExtractor:   Progress: 370/483 halaman
2026-07-04 18:59:06,894 [INFO] DocumentExtractor:   Progress: 380/483 halaman
2026-07-04 18:59:07,527 [INFO] DocumentExtractor:   Progress: 390/483 halaman
2026-07-04 18:59:07,863 [INFO] DocumentExtractor:   Progress: 400/483 halaman
2026-07-04 18:59:08,288 [INFO] DocumentExtractor:   Progress: 410/483 halaman
2026-07-04 18:59:08,981 [INFO] DocumentExtractor:   Progress: 420/483 halaman
2026-07-04 18:59:09,212 [INFO] DocumentExtractor:   Progress: 430/483 halaman
2026-07-04 18:59:09,896 [INFO] DocumentExtractor:   Progress: 440/483 halaman
2026-07-04 18:59:10,142 [INFO] DocumentExtractor:   Progress: 450/483 halaman
2026-07-04 18:59:10,392 [INFO] DocumentExtractor:   Progress: 460/483 halaman
2026-07-04 18:59:11,089 [INFO] DocumentExtractor:   Progress: 470/483 halaman
2026-07-04 18:59:11,432 [INFO] DocumentExtractor:   Progress: 480/483 halaman
2026-07-04 18:59:11,514 [INFO] DocumentExtractor: Tersimpan: 02_extracted_text\Salinan PP Nomor 22 Tahun 2021_extracted.json
2026-07-04 18:59:11,515 [INFO] DocumentExtractor: Memproses: uu_11_2020_cipta_kerja.pdf (.pdf)
2026-07-04 18:59:13,493 [INFO] DocumentExtractor:   Progress: 10/1187 halaman
2026-07-04 18:59:14,466 [INFO] DocumentExtractor:   Progress: 20/1187 halaman
2026-07-04 18:59:15,240 [INFO] DocumentExtractor:   Progress: 30/1187 halaman
2026-07-04 18:59:15,850 [INFO] DocumentExtractor:   Progress: 40/1187 halaman
2026-07-04 18:59:16,459 [INFO] DocumentExtractor:   Progress: 50/1187 halaman
2026-07-04 18:59:16,954 [INFO] DocumentExtractor:   Progress: 60/1187 halaman
2026-07-04 18:59:17,499 [INFO] DocumentExtractor:   Progress: 70/1187 halaman
2026-07-04 18:59:18,078 [INFO] DocumentExtractor:   Progress: 80/1187 halaman
2026-07-04 18:59:18,606 [INFO] DocumentExtractor:   Progress: 90/1187 halaman
2026-07-04 18:59:19,192 [INFO] DocumentExtractor:   Progress: 100/1187 halaman
2026-07-04 18:59:19,734 [INFO] DocumentExtractor:   Progress: 110/1187 halaman
2026-07-04 18:59:20,336 [INFO] DocumentExtractor:   Progress: 120/1187 halaman
2026-07-04 18:59:20,948 [INFO] DocumentExtractor:   Progress: 130/1187 halaman
2026-07-04 18:59:21,577 [INFO] DocumentExtractor:   Progress: 140/1187 halaman
2026-07-04 18:59:22,208 [INFO] DocumentExtractor:   Progress: 150/1187 halaman
2026-07-04 18:59:22,673 [INFO] DocumentExtractor:   Progress: 160/1187 halaman
2026-07-04 18:59:23,251 [INFO] DocumentExtractor:   Progress: 170/1187 halaman
2026-07-04 18:59:23,889 [INFO] DocumentExtractor:   Progress: 180/1187 halaman
2026-07-04 18:59:24,573 [INFO] DocumentExtractor:   Progress: 190/1187 halaman
2026-07-04 18:59:25,294 [INFO] DocumentExtractor:   Progress: 200/1187 halaman
2026-07-04 18:59:26,025 [INFO] DocumentExtractor:   Progress: 210/1187 halaman
2026-07-04 18:59:26,768 [INFO] DocumentExtractor:   Progress: 220/1187 halaman
2026-07-04 18:59:27,506 [INFO] DocumentExtractor:   Progress: 230/1187 halaman
2026-07-04 18:59:28,035 [INFO] DocumentExtractor:   Progress: 240/1187 halaman
2026-07-04 18:59:28,729 [INFO] DocumentExtractor:   Progress: 250/1187 halaman
2026-07-04 18:59:29,491 [INFO] DocumentExtractor:   Progress: 260/1187 halaman
2026-07-04 18:59:30,247 [INFO] DocumentExtractor:   Progress: 270/1187 halaman
2026-07-04 18:59:30,955 [INFO] DocumentExtractor:   Progress: 280/1187 halaman
2026-07-04 18:59:31,391 [INFO] DocumentExtractor:   Progress: 290/1187 halaman
2026-07-04 18:59:32,105 [INFO] DocumentExtractor:   Progress: 300/1187 halaman
2026-07-04 18:59:32,894 [INFO] DocumentExtractor:   Progress: 310/1187 halaman
2026-07-04 18:59:33,640 [INFO] DocumentExtractor:   Progress: 320/1187 halaman
2026-07-04 18:59:34,083 [INFO] DocumentExtractor:   Progress: 330/1187 halaman
2026-07-04 18:59:34,891 [INFO] DocumentExtractor:   Progress: 340/1187 halaman
2026-07-04 18:59:35,729 [INFO] DocumentExtractor:   Progress: 350/1187 halaman
2026-07-04 18:59:36,602 [INFO] DocumentExtractor:   Progress: 360/1187 halaman
2026-07-04 18:59:37,130 [INFO] DocumentExtractor:   Progress: 370/1187 halaman
2026-07-04 18:59:37,809 [INFO] DocumentExtractor:   Progress: 380/1187 halaman
2026-07-04 18:59:38,632 [INFO] DocumentExtractor:   Progress: 390/1187 halaman
2026-07-04 18:59:39,454 [INFO] DocumentExtractor:   Progress: 400/1187 halaman
2026-07-04 18:59:40,011 [INFO] DocumentExtractor:   Progress: 410/1187 halaman
2026-07-04 18:59:40,743 [INFO] DocumentExtractor:   Progress: 420/1187 halaman
2026-07-04 18:59:41,520 [INFO] DocumentExtractor:   Progress: 430/1187 halaman
2026-07-04 18:59:42,383 [INFO] DocumentExtractor:   Progress: 440/1187 halaman
2026-07-04 18:59:42,805 [INFO] DocumentExtractor:   Progress: 450/1187 halaman
2026-07-04 18:59:43,648 [INFO] DocumentExtractor:   Progress: 460/1187 halaman
2026-07-04 18:59:44,527 [INFO] DocumentExtractor:   Progress: 470/1187 halaman
2026-07-04 18:59:45,485 [INFO] DocumentExtractor:   Progress: 480/1187 halaman
2026-07-04 18:59:46,461 [INFO] DocumentExtractor:   Progress: 490/1187 halaman
2026-07-04 18:59:46,889 [INFO] DocumentExtractor:   Progress: 500/1187 halaman
2026-07-04 18:59:47,799 [INFO] DocumentExtractor:   Progress: 510/1187 halaman
2026-07-04 18:59:48,737 [INFO] DocumentExtractor:   Progress: 520/1187 halaman
2026-07-04 18:59:49,705 [INFO] DocumentExtractor:   Progress: 530/1187 halaman
2026-07-04 18:59:50,151 [INFO] DocumentExtractor:   Progress: 540/1187 halaman
2026-07-04 18:59:51,104 [INFO] DocumentExtractor:   Progress: 550/1187 halaman
2026-07-04 18:59:52,105 [INFO] DocumentExtractor:   Progress: 560/1187 halaman
2026-07-04 18:59:53,097 [INFO] DocumentExtractor:   Progress: 570/1187 halaman
2026-07-04 18:59:53,504 [INFO] DocumentExtractor:   Progress: 580/1187 halaman
2026-07-04 18:59:54,528 [INFO] DocumentExtractor:   Progress: 590/1187 halaman
2026-07-04 18:59:55,588 [INFO] DocumentExtractor:   Progress: 600/1187 halaman
2026-07-04 18:59:56,605 [INFO] DocumentExtractor:   Progress: 610/1187 halaman
2026-07-04 18:59:57,216 [INFO] DocumentExtractor:   Progress: 620/1187 halaman
2026-07-04 18:59:58,162 [INFO] DocumentExtractor:   Progress: 630/1187 halaman
2026-07-04 18:59:59,223 [INFO] DocumentExtractor:   Progress: 640/1187 halaman
2026-07-04 19:00:00,329 [INFO] DocumentExtractor:   Progress: 650/1187 halaman
2026-07-04 19:00:01,445 [INFO] DocumentExtractor:   Progress: 660/1187 halaman
2026-07-04 19:00:02,568 [INFO] DocumentExtractor:   Progress: 670/1187 halaman
2026-07-04 19:00:03,690 [INFO] DocumentExtractor:   Progress: 680/1187 halaman
2026-07-04 19:00:04,128 [INFO] DocumentExtractor:   Progress: 690/1187 halaman
2026-07-04 19:00:05,213 [INFO] DocumentExtractor:   Progress: 700/1187 halaman
2026-07-04 19:00:06,313 [INFO] DocumentExtractor:   Progress: 710/1187 halaman
2026-07-04 19:00:06,750 [INFO] DocumentExtractor:   Progress: 720/1187 halaman
2026-07-04 19:00:07,829 [INFO] DocumentExtractor:   Progress: 730/1187 halaman
2026-07-04 19:00:09,022 [INFO] DocumentExtractor:   Progress: 740/1187 halaman
2026-07-04 19:00:10,254 [INFO] DocumentExtractor:   Progress: 750/1187 halaman
2026-07-04 19:00:11,755 [INFO] DocumentExtractor:   Progress: 760/1187 halaman
2026-07-04 19:00:12,254 [INFO] DocumentExtractor:   Progress: 770/1187 halaman
2026-07-04 19:00:13,833 [INFO] DocumentExtractor:   Progress: 780/1187 halaman
2026-07-04 19:00:15,835 [INFO] DocumentExtractor:   Progress: 790/1187 halaman
2026-07-04 19:00:16,390 [INFO] DocumentExtractor:   Progress: 800/1187 halaman
2026-07-04 19:00:17,593 [INFO] DocumentExtractor:   Progress: 810/1187 halaman
2026-07-04 19:00:17,885 [INFO] DocumentExtractor:   Progress: 820/1187 halaman
2026-07-04 19:00:18,300 [INFO] DocumentExtractor:   Progress: 830/1187 halaman
2026-07-04 19:00:19,511 [INFO] DocumentExtractor:   Progress: 840/1187 halaman
2026-07-04 19:00:19,723 [INFO] DocumentExtractor:   Progress: 850/1187 halaman
2026-07-04 19:00:21,172 [INFO] DocumentExtractor:   Progress: 860/1187 halaman
2026-07-04 19:00:21,467 [INFO] DocumentExtractor:   Progress: 870/1187 halaman
2026-07-04 19:00:22,619 [INFO] DocumentExtractor:   Progress: 880/1187 halaman
2026-07-04 19:00:22,929 [INFO] DocumentExtractor:   Progress: 890/1187 halaman
2026-07-04 19:00:23,108 [INFO] DocumentExtractor:   Progress: 900/1187 halaman
2026-07-04 19:00:24,136 [INFO] DocumentExtractor:   Progress: 910/1187 halaman
2026-07-04 19:00:24,390 [INFO] DocumentExtractor:   Progress: 920/1187 halaman
2026-07-04 19:00:24,802 [INFO] DocumentExtractor:   Progress: 930/1187 halaman
2026-07-04 19:00:25,650 [INFO] DocumentExtractor:   Progress: 940/1187 halaman
2026-07-04 19:00:25,841 [INFO] DocumentExtractor:   Progress: 950/1187 halaman
2026-07-04 19:00:26,100 [INFO] DocumentExtractor:   Progress: 960/1187 halaman
2026-07-04 19:00:27,141 [INFO] DocumentExtractor:   Progress: 970/1187 halaman
2026-07-04 19:00:27,313 [INFO] DocumentExtractor:   Progress: 980/1187 halaman
2026-07-04 19:00:27,663 [INFO] DocumentExtractor:   Progress: 990/1187 halaman
2026-07-04 19:00:28,651 [INFO] DocumentExtractor:   Progress: 1000/1187 halaman
2026-07-04 19:00:28,923 [INFO] DocumentExtractor:   Progress: 1010/1187 halaman
2026-07-04 19:00:30,044 [INFO] DocumentExtractor:   Progress: 1020/1187 halaman
2026-07-04 19:00:30,302 [INFO] DocumentExtractor:   Progress: 1030/1187 halaman
2026-07-04 19:00:31,581 [INFO] DocumentExtractor:   Progress: 1040/1187 halaman
2026-07-04 19:00:31,835 [INFO] DocumentExtractor:   Progress: 1050/1187 halaman
2026-07-04 19:00:32,047 [INFO] DocumentExtractor:   Progress: 1060/1187 halaman
2026-07-04 19:00:33,176 [INFO] DocumentExtractor:   Progress: 1070/1187 halaman
2026-07-04 19:00:33,567 [INFO] DocumentExtractor:   Progress: 1080/1187 halaman
2026-07-04 19:00:34,949 [INFO] DocumentExtractor:   Progress: 1090/1187 halaman
2026-07-04 19:00:36,318 [INFO] DocumentExtractor:   Progress: 1100/1187 halaman
2026-07-04 19:00:37,735 [INFO] DocumentExtractor:   Progress: 1110/1187 halaman
2026-07-04 19:00:38,147 [INFO] DocumentExtractor:   Progress: 1120/1187 halaman
2026-07-04 19:00:39,577 [INFO] DocumentExtractor:   Progress: 1130/1187 halaman
2026-07-04 19:00:40,972 [INFO] DocumentExtractor:   Progress: 1140/1187 halaman
2026-07-04 19:00:41,221 [INFO] DocumentExtractor:   Progress: 1150/1187 halaman
2026-07-04 19:00:42,476 [INFO] DocumentExtractor:   Progress: 1160/1187 halaman
2026-07-04 19:00:42,741 [INFO] DocumentExtractor:   Progress: 1170/1187 halaman
2026-07-04 19:00:43,332 [INFO] DocumentExtractor:   Progress: 1180/1187 halaman
2026-07-04 19:00:44,259 [INFO] DocumentExtractor: Tersimpan: 02_extracted_text\uu_11_2020_cipta_kerja_extracted.json
2026-07-04 19:00:44,260 [INFO] DocumentExtractor: Memproses: uu_13_2003_ketenagakerjaan.pdf (.pdf)
2026-07-04 19:00:45,179 [INFO] DocumentExtractor:   Progress: 10/128 halaman
2026-07-04 19:00:47,488 [INFO] DocumentExtractor:   Progress: 20/128 halaman
2026-07-04 19:00:49,075 [INFO] DocumentExtractor:   Progress: 30/128 halaman
2026-07-04 19:00:50,226 [INFO] DocumentExtractor:   Progress: 40/128 halaman
2026-07-04 19:00:51,146 [INFO] DocumentExtractor:   Progress: 50/128 halaman
2026-07-04 19:00:51,949 [INFO] DocumentExtractor:   Progress: 60/128 halaman
2026-07-04 19:00:52,622 [INFO] DocumentExtractor:   Progress: 70/128 halaman
2026-07-04 19:00:53,244 [INFO] DocumentExtractor:   Progress: 80/128 halaman
2026-07-04 19:00:53,690 [INFO] DocumentExtractor:   Progress: 90/128 halaman
2026-07-04 19:00:54,117 [INFO] DocumentExtractor:   Progress: 100/128 halaman
2026-07-04 19:00:54,420 [INFO] DocumentExtractor:   Progress: 110/128 halaman
2026-07-04 19:00:54,782 [INFO] DocumentExtractor:   Progress: 120/128 halaman
2026-07-04 19:00:55,024 [INFO] DocumentExtractor: Tersimpan: 02_extracted_text\uu_13_2003_ketenagakerjaan_extracted.json
2026-07-04 19:00:55,025 [INFO] DocumentExtractor: Memproses: uu_20_2016_merek_indikasi_geografis.pdf (.pdf)
2026-07-04 19:00:55,866 [INFO] DocumentExtractor:   Progress: 10/74 halaman
2026-07-04 19:00:56,701 [INFO] DocumentExtractor:   Progress: 20/74 halaman
2026-07-04 19:00:57,354 [INFO] DocumentExtractor:   Progress: 30/74 halaman
2026-07-04 19:00:57,927 [INFO] DocumentExtractor:   Progress: 40/74 halaman
2026-07-04 19:00:58,628 [INFO] DocumentExtractor:   Progress: 50/74 halaman
2026-07-04 19:00:59,228 [INFO] DocumentExtractor:   Progress: 60/74 halaman
2026-07-04 19:00:59,651 [INFO] DocumentExtractor:   Progress: 70/74 halaman
2026-07-04 19:00:59,760 [INFO] DocumentExtractor: Tersimpan: 02_extracted_text\uu_20_2016_merek_indikasi_geografis_extracted.json
2026-07-04 19:00:59,761 [INFO] DocumentExtractor: Memproses: uu_33_2014_jaminan_produk_halal.pdf (.pdf)
2026-07-04 19:01:00,319 [INFO] DocumentExtractor:   Progress: 10/40 halaman
2026-07-04 19:01:00,866 [INFO] DocumentExtractor:   Progress: 20/40 halaman
2026-07-04 19:01:01,412 [INFO] DocumentExtractor:   Progress: 30/40 halaman
2026-07-04 19:01:01,734 [INFO] DocumentExtractor:   Progress: 40/40 halaman
2026-07-04 19:01:01,740 [INFO] DocumentExtractor: Tersimpan: 02_extracted_text\uu_33_2014_jaminan_produk_halal_extracted.json
2026-07-04 19:01:01,741 [INFO] DocumentExtractor: Memproses: uu_40_2007_perseroan_terbatas.pdf (.pdf)
2026-07-04 19:01:02,378 [INFO] DocumentExtractor:   Progress: 10/140 halaman
2026-07-04 19:01:02,823 [INFO] DocumentExtractor:   Progress: 20/140 halaman
2026-07-04 19:01:03,320 [INFO] DocumentExtractor:   Progress: 30/140 halaman
2026-07-04 19:01:03,803 [INFO] DocumentExtractor:   Progress: 40/140 halaman
2026-07-04 19:01:04,278 [INFO] DocumentExtractor:   Progress: 50/140 halaman
2026-07-04 19:01:04,771 [INFO] DocumentExtractor:   Progress: 60/140 halaman
2026-07-04 19:01:05,270 [INFO] DocumentExtractor:   Progress: 70/140 halaman
2026-07-04 19:01:05,757 [INFO] DocumentExtractor:   Progress: 80/140 halaman
2026-07-04 19:01:06,260 [INFO] DocumentExtractor:   Progress: 90/140 halaman
2026-07-04 19:01:06,755 [INFO] DocumentExtractor:   Progress: 100/140 halaman
2026-07-04 19:01:07,267 [INFO] DocumentExtractor:   Progress: 110/140 halaman
2026-07-04 19:01:07,794 [INFO] DocumentExtractor:   Progress: 120/140 halaman
2026-07-04 19:01:08,178 [INFO] DocumentExtractor:   Progress: 130/140 halaman
2026-07-04 19:01:08,632 [INFO] DocumentExtractor:   Progress: 140/140 halaman
2026-07-04 19:01:08,649 [INFO] DocumentExtractor: Tersimpan: 02_extracted_text\uu_40_2007_perseroan_terbatas_extracted.json
2026-07-04 19:01:08,650 [INFO] DocumentExtractor: Memproses: uu_8_1999_perlindungan_konsumen.pdf (.pdf)
2026-07-04 19:01:09,218 [INFO] DocumentExtractor:   Progress: 10/54 halaman
2026-07-04 19:01:09,821 [INFO] DocumentExtractor:   Progress: 20/54 halaman
2026-07-04 19:01:10,330 [INFO] DocumentExtractor:   Progress: 30/54 halaman
2026-07-04 19:01:10,837 [INFO] DocumentExtractor:   Progress: 40/54 halaman
2026-07-04 19:01:11,161 [INFO] DocumentExtractor:   Progress: 50/54 halaman
2026-07-04 19:01:11,256 [INFO] DocumentExtractor: Tersimpan: 02_extracted_text\uu_8_1999_perlindungan_konsumen_extracted.json
